AnalysisYear,EnsembleMember,DaysInYear,AnnualRainfall_mm,AnnualRainfall365_mm,DryDays,DryDays365,LightRainDays,LightRainDays365,ModerateRainDays,ModerateRainDays365,HeavyRainDays,HeavyRainDays365,VeryHeavyRainDays,VeryHeavyRainDays365,LongestDrySpell
2031,01,360,1482.401162519186,1502.9900675541746,138,139.91666666666666,81,82.125,90,91.25,51,51.70833333333333,13,13.180555555555555,9
2032,01,360,1634.4433628709546,1657.143965133051,166,168.30555555555554,61,61.84722222222222,72,73.0,61,61.84722222222222,23,23.319444444444443,26
2033,01,360,1619.0161252951941,1641.5024603687384,135,136.875,80,81.11111111111111,93,94.29166666666666,52,52.72222222222222,19,19.26388888888889,15
2034,01,360,1423.5690304390869,1443.3408225285186,148,150.05555555555554,74,75.02777777777777,86,87.19444444444444,52,52.72222222222222,15,15.208333333333332,14
2035,01,360,1500.6966510695934,1521.5396601122266,128,129.77777777777777,87,88.20833333333333,98,99.3611111111111,47,47.65277777777778,16,16.22222222222222,15
2036,01,360,1511.168092895402,1532.1565386300604,157,159.18055555555554,64,64.88888888888889,85,86.18055555555556,54,54.75,15,15.208333333333332,23
2037,01,360,1395.0284162601024,1414.4038109303815,153,155.125,74,75.02777777777777,80,81.11111111111111,53,53.73611111111111,16,16.22222222222222,28
2038,01,360,1524.3229860991157,1545.4941386838257,157,159.18055555555554,69,69.95833333333333,77,78.06944444444444,57,57.791666666666664,21,21.291666666666664,11
2039,01,360,1286.90462616657,1304.7783015299947,196,198.7222222222222,52,52.72222222222222,65,65.90277777777777,47,47.65277777777778,12,12.166666666666666,19
2040,01,360,1572.315256322352,1594.152968215718,136,137.88888888888889,86,87.19444444444444,83,84.15277777777777,55,55.763888888888886,19,19.26388888888889,8
2041,01,360,1486.304823629467,1506.947946179876,168,170.33333333333331,70,70.97222222222221,65,65.90277777777777,57,57.791666666666664,18,18.25,14
2042,01,360,1499.3279253056567,1520.1519242682352,152,154.11111111111111,78,79.08333333333333,77,78.06944444444444,53,53.73611111111111,14,14.194444444444443,13
2043,01,360,1360.8521829636911,1379.7529077270756,154,156.13888888888889,69,69.95833333333333,90,91.25,47,47.65277777777778,12,12.166666666666666,22
2044,01,360,1385.8263792497673,1405.0739678504585,152,154.11111111111111,70,70.97222222222221,96,97.33333333333333,42,42.58333333333333,15,15.208333333333332,28
2045,01,360,1198.7360557058228,1215.3851675906258,170,172.36111111111111,78,79.08333333333333,71,71.98611111111111,41,41.56944444444444,15,15.208333333333332,12
2046,01,360,1277.319670941197,1295.0602219264913,142,143.97222222222223,91,92.26388888888889,86,87.19444444444444,41,41.56944444444444,17,17.23611111111111,9
2047,01,360,1399.9371210963611,1419.3806922226995,168,170.33333333333331,70,70.97222222222221,70,70.97222222222221,52,52.72222222222222,16,16.22222222222222,13
2048,01,360,1504.219260241335,1525.1111944113534,174,176.41666666666666,65,65.90277777777777,70,70.97222222222221,51,51.70833333333333,20,20.27777777777778,40
2049,01,360,1593.258692495256,1615.3872854465787,177,179.45833333333331,56,56.77777777777777,73,74.01388888888889,54,54.75,20,20.27777777777778,14
2050,01,360,1906.7243804691498,1933.2066635312212,135,136.875,50,50.69444444444444,111,112.54166666666666,64,64.88888888888889,22,22.305555555555554,12
2051,01,360,1563.4528123017426,1585.1674346948223,157,159.18055555555554,72,73.0,78,79.08333333333333,53,53.73611111111111,19,19.26388888888889,12
2052,01,360,1502.8122264425022,1523.6846184764256,151,153.09722222222223,68,68.94444444444444,95,96.31944444444444,46,46.638888888888886,21,21.291666666666664,29
2053,01,360,1631.768605125116,1654.4320579740759,158,160.19444444444443,61,61.84722222222222,86,87.19444444444444,55,55.763888888888886,20,20.27777777777778,23
2054,01,360,1381.2995612912084,1400.484277420253,149,151.06944444444443,80,81.11111111111111,89,90.2361111111111,42,42.58333333333333,17,17.23611111111111,15
2055,01,360,1615.1510764839254,1637.5837303239798,134,135.86111111111111,63,63.875,106,107.47222222222221,57,57.791666666666664,14,14.194444444444443,14
2056,01,360,1286.9305830653066,1304.8046189412134,171,173.375,60,60.83333333333333,90,91.25,39,39.541666666666664,14,14.194444444444443,30
2057,01,360,1531.4272204246276,1552.6970429305252,156,158.16666666666666,60,60.83333333333333,88,89.22222222222221,56,56.77777777777777,20,20.27777777777778,25
2058,01,360,1483.1348267285666,1503.7339215442412,169,171.3472222222222,73,74.01388888888889,74,75.02777777777777,44,44.61111111111111,21,21.291666666666664,14
2059,01,360,1271.9952956920474,1289.6618970211036,176,178.44444444444443,66,66.91666666666666,79,80.09722222222221,39,39.541666666666664,18,18.25,15
2060,01,360,1302.5875244269719,1320.679017821791,156,158.16666666666666,81,82.125,81,82.125,42,42.58333333333333,12,12.166666666666666,29
2061,01,360,1313.1475853107922,1331.3857462178864,147,149.04166666666666,83,84.15277777777777,86,87.19444444444444,44,44.61111111111111,13,13.180555555555555,27
2062,01,360,1548.4344631723643,1569.9404973830915,161,163.23611111111111,68,68.94444444444444,84,85.16666666666666,47,47.65277777777778,18,18.25,33
2063,01,360,1334.333696396368,1352.8661088463175,147,149.04166666666666,86,87.19444444444444,87,88.20833333333333,40,40.55555555555556,16,16.22222222222222,11
2064,01,360,987.9133928320186,1001.6344121769077,179,181.48611111111111,69,69.95833333333333,81,82.125,31,31.430555555555554,8,8.11111111111111,16
2065,01,360,1569.385101932877,1591.1821172375003,160,162.22222222222223,62,62.86111111111111,81,82.125,57,57.791666666666664,14,14.194444444444443,17
2066,01,360,1498.8159956148559,1519.63288444284,149,151.06944444444443,66,66.91666666666666,93,94.29166666666666,52,52.72222222222222,14,14.194444444444443,18
2067,01,360,1401.6957845518755,1421.1637815595404,161,163.23611111111111,69,69.95833333333333,78,79.08333333333333,52,52.72222222222222,17,17.23611111111111,20
2068,01,360,1094.783419609516,1109.9887448818702,187,189.5972222222222,77,78.06944444444444,63,63.875,33,33.45833333333333,12,12.166666666666666,15
2069,01,360,1268.5410596690876,1286.159685497825,165,167.29166666666666,80,81.11111111111111,72,73.0,43,43.59722222222222,19,19.26388888888889,20
2070,01,360,1819.1256670314415,1844.3913012957669,151,153.09722222222223,64,64.88888888888889,85,86.18055555555556,60,60.83333333333333,27,27.375,21
2071,01,360,1392.904781897715,1412.2506816462944,160,162.22222222222223,70,70.97222222222221,84,85.16666666666666,46,46.638888888888886,14,14.194444444444443,20
2072,01,360,1337.5505203184807,1356.1276108784596,155,157.15277777777777,69,69.95833333333333,89,90.2361111111111,47,47.65277777777778,16,16.22222222222222,28
2073,01,360,1719.05423322096,1742.9299864601398,146,148.02777777777777,82,83.13888888888889,79,80.09722222222221,53,53.73611111111111,22,22.305555555555554,19
2074,01,360,1535.6092829048052,1556.9371896118164,149,151.06944444444443,67,67.93055555555556,90,91.25,54,54.75,16,16.22222222222222,29
2075,01,360,1045.4659834436886,1059.986344324851,170,172.36111111111111,82,83.13888888888889,74,75.02777777777777,34,34.47222222222222,10,10.13888888888889,16
2076,01,360,1745.0946352097328,1769.3320606987568,150,152.08333333333331,51,51.70833333333333,89,90.2361111111111,70,70.97222222222221,18,18.25,17
2077,01,360,1232.9642999725795,1250.0888041388653,172,174.38888888888889,77,78.06944444444444,70,70.97222222222221,41,41.56944444444444,17,17.23611111111111,22
2078,01,360,1542.9547880892942,1564.3847157016455,131,132.81944444444443,81,82.125,99,100.375,49,49.68055555555555,15,15.208333333333332,14
2079,01,360,911.9848173366282,924.6512731329702,197,199.73611111111111,68,68.94444444444444,67,67.93055555555556,28,28.388888888888886,11,11.152777777777777,18
2080,01,360,1505.7651015695888,1526.6785057580553,134,135.86111111111111,84,85.16666666666666,92,93.27777777777777,50,50.69444444444444,16,16.22222222222222,14
2031,04,360,1498.76988811221,1519.586136558213,164,166.27777777777777,57,57.791666666666664,86,87.19444444444444,53,53.73611111111111,21,21.291666666666664,13
2032,04,360,1558.5520468155678,1580.1986030213395,133,134.84722222222223,77,78.06944444444444,96,97.33333333333333,54,54.75,14,14.194444444444443,18
2033,04,360,1306.3124708387813,1324.455699600431,162,164.25,70,70.97222222222221,81,82.125,47,47.65277777777778,16,16.22222222222222,12
2034,04,360,1475.6650258134655,1496.160373394208,137,138.90277777777777,86,87.19444444444444,89,90.2361111111111,48,48.666666666666664,20,20.27777777777778,11
2035,04,360,1691.496736522921,1714.989746752406,130,131.80555555555554,80,81.11111111111111,93,94.29166666666666,57,57.791666666666664,22,22.305555555555554,13
2036,04,360,1529.1633173080704,1550.401696715127,125,126.7361111111111,82,83.13888888888889,97,98.34722222222221,56,56.77777777777777,14,14.194444444444443,9
2037,04,360,1752.6295002106424,1776.9715766024567,119,120.65277777777777,72,73.0,107,108.4861111111111,62,62.86111111111111,22,22.305555555555554,17
2038,04,360,1748.2444551515832,1772.5256281397997,110,111.52777777777777,74,75.02777777777777,118,119.63888888888889,58,58.80555555555555,19,19.26388888888889,9
2039,04,360,1655.7007982950702,1678.696642715835,139,140.93055555555554,67,67.93055555555556,104,105.44444444444444,50,50.69444444444444,19,19.26388888888889,16
2040,04,360,1815.3753260413068,1840.588872236325,93,94.29166666666666,83,84.15277777777777,119,120.65277777777777,65,65.90277777777777,20,20.27777777777778,9
2041,04,360,1778.3712408266388,1803.0708413936754,129,130.79166666666666,67,67.93055555555556,103,104.43055555555556,61,61.84722222222222,22,22.305555555555554,9
2042,04,360,1305.576811150626,1323.709822416607,171,173.375,63,63.875,80,81.11111111111111,46,46.638888888888886,14,14.194444444444443,20
2043,04,360,1738.7079489123776,1762.8566704250493,110,111.52777777777777,90,91.25,99,100.375,61,61.84722222222222,22,22.305555555555554,11
2044,04,360,1686.008803466311,1709.425592403343,118,119.63888888888889,81,82.125,107,108.4861111111111,54,54.75,21,21.291666666666664,12
2045,04,360,2097.847236331427,2126.984003502697,116,117.6111111111111,77,78.06944444444444,102,103.41666666666666,65,65.90277777777777,29,29.402777777777775,12
2046,04,360,1731.5822124844815,1755.6319654356548,128,129.77777777777777,78,79.08333333333333,94,95.30555555555556,60,60.83333333333333,20,20.27777777777778,11
2047,04,360,1182.581476839085,1199.0062195729613,177,179.45833333333331,68,68.94444444444444,81,82.125,34,34.47222222222222,14,14.194444444444443,15
2048,04,360,1727.2883396833752,1751.2784555123108,112,113.55555555555554,76,77.05555555555556,115,116.59722222222221,57,57.791666666666664,18,18.25,8
2049,04,360,1455.4007503550413,1475.6146496655278,169,171.3472222222222,63,63.875,76,77.05555555555556,52,52.72222222222222,16,16.22222222222222,16
2050,04,360,1715.0019254007211,1738.8213965868422,151,153.09722222222223,75,76.04166666666666,80,81.11111111111111,54,54.75,26,26.36111111111111,11
2051,04,360,1644.5806878568155,1667.4220862992713,132,133.83333333333331,83,84.15277777777777,89,90.2361111111111,56,56.77777777777777,23,23.319444444444443,12
2052,04,360,1337.9985619379695,1356.581875298219,133,134.84722222222223,91,92.26388888888889,102,103.41666666666666,34,34.47222222222222,12,12.166666666666666,18
2053,04,360,1466.7179385526206,1487.089021032518,139,140.93055555555554,67,67.93055555555556,104,105.44444444444444,50,50.69444444444444,12,12.166666666666666,28
2054,04,360,1278.7335540066592,1296.4937422567516,139,140.93055555555554,84,85.16666666666666,98,99.3611111111111,39,39.541666666666664,10,10.13888888888889,20
2055,04,360,1768.2284262654011,1792.787154407976,164,166.27777777777777,58,58.80555555555555,78,79.08333333333333,60,60.83333333333333,21,21.291666666666664,14
2056,04,360,1377.761904317787,1396.8974863222006,160,162.22222222222223,69,69.95833333333333,86,87.19444444444444,45,45.625,19,19.26388888888889,18
2057,04,360,1738.1868135189243,1762.3282970400203,122,123.69444444444444,77,78.06944444444444,109,110.51388888888889,52,52.72222222222222,22,22.305555555555554,19
2058,04,360,1302.742701283465,1320.836349912402,166,168.30555555555554,65,65.90277777777777,89,90.2361111111111,40,40.55555555555556,15,15.208333333333332,18
2059,04,360,2143.130680769654,2172.8963846692327,93,94.29166666666666,88,89.22222222222221,101,102.40277777777777,78,79.08333333333333,29,29.402777777777775,9
2060,04,360,1959.2109616838607,1986.4222250405808,109,110.51388888888889,71,71.98611111111111,114,115.58333333333333,66,66.91666666666666,22,22.305555555555554,9
2061,04,360,1593.5488864088836,1615.681509831229,124,125.72222222222221,85,86.18055555555556,100,101.38888888888889,51,51.70833333333333,19,19.26388888888889,12
2062,04,360,1792.6170018202895,1817.5144601789045,140,141.94444444444443,71,71.98611111111111,94,95.30555555555556,55,55.763888888888886,25,25.34722222222222,9
2063,04,360,1670.8299109505078,1694.0358819359315,149,151.06944444444443,64,64.88888888888889,88,89.22222222222221,59,59.81944444444444,22,22.305555555555554,24
2064,04,360,1714.844681893146,1738.6619691416618,146,148.02777777777777,56,56.77777777777777,101,102.40277777777777,57,57.791666666666664,22,22.305555555555554,21
2065,04,360,1518.3898019338421,1539.4785491829232,153,155.125,76,77.05555555555556,86,87.19444444444444,45,45.625,18,18.25,18
2066,04,360,1814.6110535222977,1839.8139848212184,134,135.86111111111111,66,66.91666666666666,94,95.30555555555556,66,66.91666666666666,23,23.319444444444443,14
2067,04,360,1538.4434075526087,1559.8106771019504,142,143.97222222222223,81,82.125,89,90.2361111111111,48,48.666666666666664,24,24.333333333333332,12
2068,04,360,1838.5086078842194,1864.043449660389,127,128.76388888888889,74,75.02777777777777,111,112.54166666666666,48,48.666666666666664,18,18.25,12
2069,04,360,1531.057369832714,1552.322055524835,143,144.98611111111111,80,81.11111111111111,92,93.27777777777777,45,45.625,15,15.208333333333332,14
2070,04,360,1627.3829990020465,1649.9855406548527,147,149.04166666666666,75,76.04166666666666,81,82.125,57,57.791666666666664,20,20.27777777777778,15
2071,04,360,1866.6036010331368,1892.5286510474857,144,146.0,62,62.86111111111111,86,87.19444444444444,68,68.94444444444444,25,25.34722222222222,17
2072,04,360,1452.6831100264465,1472.8592643323693,148,150.05555555555554,62,62.86111111111111,102,103.41666666666666,48,48.666666666666664,10,10.13888888888889,14
2073,04,360,1750.5818854827871,1774.8955227811591,110,111.52777777777777,77,78.06944444444444,114,115.58333333333333,59,59.81944444444444,19,19.26388888888889,12
2074,04,360,1711.0608210660755,1734.8255546919931,137,138.90277777777777,74,75.02777777777777,96,97.33333333333333,53,53.73611111111111,21,21.291666666666664,19
2075,04,360,1340.843850119797,1359.4666813714607,147,149.04166666666666,80,81.11111111111111,95,96.31944444444444,38,38.52777777777778,14,14.194444444444443,11
2076,04,360,1440.8940944305032,1460.9065124087044,158,160.19444444444443,71,71.98611111111111,83,84.15277777777777,48,48.666666666666664,19,19.26388888888889,17
2077,04,360,1663.9630727480348,1687.0736709806463,129,130.79166666666666,86,87.19444444444444,88,89.22222222222221,57,57.791666666666664,21,21.291666666666664,17
2078,04,360,1711.478519794456,1735.249054791601,131,132.81944444444443,67,67.93055555555556,102,103.41666666666666,60,60.83333333333333,21,21.291666666666664,40
2079,04,360,1461.2193218659932,1481.5140346696874,154,156.13888888888889,66,66.91666666666666,95,96.31944444444444,45,45.625,14,14.194444444444443,14
2080,04,360,1610.4712105501903,1632.8388662522761,155,157.15277777777777,67,67.93055555555556,87,88.20833333333333,51,51.70833333333333,26,26.36111111111111,27
2031,05,360,1249.9198972286633,1267.2798958012836,164,166.27777777777777,83,84.15277777777777,81,82.125,32,32.44444444444444,15,15.208333333333332,16
2032,05,360,1516.3893147200477,1537.4502774244927,135,136.875,78,79.08333333333333,95,96.31944444444444,52,52.72222222222222,15,15.208333333333332,10
2033,05,360,1351.4114937957802,1370.1810978762771,149,151.06944444444443,82,83.13888888888889,81,82.125,48,48.666666666666664,15,15.208333333333332,15
2034,05,360,1278.133232504732,1295.8850829561866,147,149.04166666666666,90,91.25,84,85.16666666666666,39,39.541666666666664,14,14.194444444444443,21
2035,05,360,1457.7764253265864,1478.0233201227888,159,161.20833333333331,68,68.94444444444444,84,85.16666666666666,49,49.68055555555555,19,19.26388888888889,17
2036,05,360,1116.6899450815476,1132.1995276521247,165,167.29166666666666,76,77.05555555555556,80,81.11111111111111,39,39.541666666666664,13,13.180555555555555,14
2037,05,360,1501.2557810303113,1522.1065557668433,142,143.97222222222223,82,83.13888888888889,79,80.09722222222221,57,57.791666666666664,15,15.208333333333332,22
2038,05,360,1305.1738027798585,1323.3012167073566,138,139.91666666666666,89,90.2361111111111,90,91.25,43,43.59722222222222,14,14.194444444444443,16
2039,05,360,1080.5737933736216,1095.581762726033,164,166.27777777777777,75,76.04166666666666,86,87.19444444444444,35,35.48611111111111,11,11.152777777777777,14
2040,05,360,1394.8968730778124,1414.2704407594485,145,147.01388888888889,73,74.01388888888889,103,104.43055555555556,39,39.541666666666664,14,14.194444444444443,9
2041,05,360,1414.9767699629708,1434.6292251013454,155,157.15277777777777,80,81.11111111111111,80,81.11111111111111,45,45.625,18,18.25,18
2042,05,360,1731.9361081283664,1755.990776296816,140,141.94444444444443,72,73.0,85,86.18055555555556,63,63.875,17,17.23611111111111,13
2043,05,360,1386.8811202515355,1406.1433580328069,161,163.23611111111111,68,68.94444444444444,88,89.22222222222221,43,43.59722222222222,13,13.180555555555555,13
2044,05,360,1390.5857889517833,1409.8994804650024,161,163.23611111111111,81,82.125,76,77.05555555555556,42,42.58333333333333,13,13.180555555555555,19
2045,05,360,1391.756548069945,1411.086500126472,162,164.25,78,79.08333333333333,69,69.95833333333333,51,51.70833333333333,16,16.22222222222222,12
2046,05,360,1491.4178508913071,1512.131987709242,156,158.16666666666666,72,73.0,82,83.13888888888889,50,50.69444444444444,14,14.194444444444443,16
2047,05,360,1303.5024439568638,1321.6066445673757,150,152.08333333333331,84,85.16666666666666,84,85.16666666666666,42,42.58333333333333,14,14.194444444444443,18
2048,05,360,1348.32589356876,1367.0526420905483,169,171.3472222222222,67,67.93055555555556,79,80.09722222222221,45,45.625,12,12.166666666666666,15
2049,05,360,1452.6291446194584,1472.8045494058397,162,164.25,82,83.13888888888889,68,68.94444444444444,48,48.666666666666664,20,20.27777777777778,14
2050,05,360,1850.4004337469398,1876.100439771203,130,131.80555555555554,77,78.06944444444444,84,85.16666666666666,69,69.95833333333333,26,26.36111111111111,14
2051,05,360,1110.2007884808143,1125.620243876381,170,172.36111111111111,77,78.06944444444444,77,78.06944444444444,36,36.5,13,13.180555555555555,13
2052,05,360,1270.299536297989,1287.942585413239,148,150.05555555555554,86,87.19444444444444,85,86.18055555555556,41,41.56944444444444,14,14.194444444444443,11
2053,05,360,1529.6762384238973,1550.9217417353402,155,157.15277777777777,66,66.91666666666666,85,86.18055555555556,54,54.75,18,18.25,32
2054,05,360,1399.7127993073655,1419.153254853301,158,160.19444444444443,86,87.19444444444444,74,75.02777777777777,42,42.58333333333333,17,17.23611111111111,15
2055,05,360,1655.4428872086005,1678.435149530942,142,143.97222222222223,76,77.05555555555556,85,86.18055555555556,57,57.791666666666664,18,18.25,11
2056,05,360,1230.087231045857,1247.1717759214937,175,177.43055555555554,66,66.91666666666666,75,76.04166666666666,44,44.61111111111111,14,14.194444444444443,16
2057,05,360,1300.2812471256575,1318.3407088912916,141,142.95833333333331,84,85.16666666666666,90,91.25,45,45.625,8,8.11111111111111,24
2058,05,360,1402.8976049717305,1422.382293929671,160,162.22222222222223,89,90.2361111111111,65,65.90277777777777,46,46.638888888888886,16,16.22222222222222,16
2059,05,360,1626.6587088415997,1649.2511909088441,170,172.36111111111111,57,57.791666666666664,82,83.13888888888889,51,51.70833333333333,23,23.319444444444443,17
2060,05,360,1143.064423287157,1158.9403180550341,171,173.375,83,84.15277777777777,68,68.94444444444444,38,38.52777777777778,13,13.180555555555555,27
2061,05,360,1210.9660912995942,1227.7850647898663,174,176.41666666666666,70,70.97222222222221,75,76.04166666666666,41,41.56944444444444,11,11.152777777777777,13
2062,05,360,1137.3259144368376,1153.1221076929048,172,174.38888888888889,78,79.08333333333333,70,70.97222222222221,40,40.55555555555556,10,10.13888888888889,12
2063,05,360,1125.6099860334587,1141.2434580617012,166,168.30555555555554,81,82.125,77,78.06944444444444,36,36.5,10,10.13888888888889,12
2064,05,360,1730.3136048534939,1754.3457382542367,154,156.13888888888889,65,65.90277777777777,81,82.125,60,60.83333333333333,24,24.333333333333332,29
2065,05,360,1500.695574573341,1521.5385686646373,181,183.51388888888889,54,54.75,73,74.01388888888889,52,52.72222222222222,20,20.27777777777778,21
2066,05,360,1398.229243918516,1417.6490945284952,148,150.05555555555554,75,76.04166666666666,92,93.27777777777777,45,45.625,20,20.27777777777778,21
2067,05,360,1862.579854839041,1888.4490194895832,138,139.91666666666666,67,67.93055555555556,93,94.29166666666666,62,62.86111111111111,20,20.27777777777778,10
2068,05,360,1500.5115717368617,1521.352010233207,155,157.15277777777777,66,66.91666666666666,87,88.20833333333333,52,52.72222222222222,19,19.26388888888889,18
2069,05,360,1547.9036046400474,1569.4022658156036,146,148.02777777777777,87,88.20833333333333,78,79.08333333333333,49,49.68055555555555,15,15.208333333333332,22
2070,05,360,1132.8328094206177,1148.5665984403483,161,163.23611111111111,83,84.15277777777777,87,88.20833333333333,29,29.402777777777775,10,10.13888888888889,11
2071,05,360,1458.5612862015228,1478.8190818432106,143,144.98611111111111,81,82.125,93,94.29166666666666,43,43.59722222222222,18,18.25,16
2072,05,360,1421.3036106233671,1441.0439385486916,157,159.18055555555554,71,71.98611111111111,77,78.06944444444444,55,55.763888888888886,16,16.22222222222222,18
2073,05,360,1314.8138963124647,1333.0752004279157,175,177.43055555555554,87,88.20833333333333,57,57.791666666666664,41,41.56944444444444,15,15.208333333333332,20
2074,05,360,1535.0061838662841,1556.3257141977601,160,162.22222222222223,73,74.01388888888889,81,82.125,46,46.638888888888886,25,25.34722222222222,28
2075,05,360,1354.4928370518837,1373.3052375664931,163,165.26388888888889,72,73.0,81,82.125,44,44.61111111111111,17,17.23611111111111,22
2076,05,360,1203.1512394056494,1219.8616732862833,174,176.41666666666666,71,71.98611111111111,73,74.01388888888889,42,42.58333333333333,13,13.180555555555555,18
2077,05,360,1501.7825052736075,1522.6405956246297,151,153.09722222222223,70,70.97222222222221,91,92.26388888888889,48,48.666666666666664,19,19.26388888888889,11
2078,05,360,1228.3240420619798,1245.3840982017293,184,186.55555555555554,72,73.0,62,62.86111111111111,42,42.58333333333333,13,13.180555555555555,19
2079,05,360,1473.8588783930888,1494.3291405929929,160,162.22222222222223,83,84.15277777777777,67,67.93055555555556,50,50.69444444444444,21,21.291666666666664,16
2080,05,360,1226.6468065689137,1243.6835677712597,172,174.38888888888889,75,76.04166666666666,72,73.0,41,41.56944444444444,14,14.194444444444443,20
2031,06,360,1126.9807649346058,1142.6332755586975,181,183.51388888888889,67,67.93055555555556,72,73.0,40,40.55555555555556,10,10.13888888888889,24
2032,06,360,1361.9767688529819,1380.8931128648287,157,159.18055555555554,68,68.94444444444444,92,93.27777777777777,43,43.59722222222222,14,14.194444444444443,13
2033,06,360,1387.2602240582696,1406.52772717019,170,172.36111111111111,64,64.88888888888889,85,86.18055555555556,41,41.56944444444444,16,16.22222222222222,15
2034,06,360,1445.3063165851215,1465.3800154265814,138,139.91666666666666,80,81.11111111111111,92,93.27777777777777,50,50.69444444444444,11,11.152777777777777,16
2035,06,360,1802.8580975092996,1827.8977933080398,139,140.93055555555554,74,75.02777777777777,87,88.20833333333333,60,60.83333333333333,25,25.34722222222222,19
2036,06,360,1152.964647361799,1168.978045241824,177,179.45833333333331,63,63.875,80,81.11111111111111,40,40.55555555555556,9,9.125,18
2037,06,360,1351.4101783888823,1370.179764199839,156,158.16666666666666,66,66.91666666666666,94,95.30555555555556,44,44.61111111111111,14,14.194444444444443,20
2038,06,360,982.2148471815999,995.856720059122,193,195.68055555555554,62,62.86111111111111,76,77.05555555555556,29,29.402777777777775,10,10.13888888888889,37
2039,06,360,1191.2923682629357,1207.838095599921,160,162.22222222222223,62,62.86111111111111,102,103.41666666666666,36,36.5,9,9.125,17
2040,06,360,1242.367803293094,1259.6229116721647,141,142.95833333333331,85,86.18055555555556,93,94.29166666666666,41,41.56944444444444,7,7.097222222222221,19
2041,06,360,1328.43522821756,1346.8857174983593,151,153.09722222222223,63,63.875,102,103.41666666666666,44,44.61111111111111,10,10.13888888888889,12
2042,06,360,1270.1096741300396,1287.7500862707345,169,171.3472222222222,62,62.86111111111111,89,90.2361111111111,40,40.55555555555556,11,11.152777777777777,18
2043,06,360,1565.2461974647117,1586.9857279850548,124,125.72222222222221,72,73.0,115,116.59722222222221,49,49.68055555555555,16,16.22222222222222,11
2044,06,360,1642.3226923189332,1665.1327297122516,137,138.90277777777777,81,82.125,87,88.20833333333333,55,55.763888888888886,22,22.305555555555554,14
2045,06,360,1423.9138594218007,1443.690440802659,163,165.26388888888889,60,60.83333333333333,89,90.2361111111111,48,48.666666666666664,12,12.166666666666666,24
2046,06,360,1892.7580126350767,1919.0463183661193,151,153.09722222222223,50,50.69444444444444,88,89.22222222222221,71,71.98611111111111,26,26.36111111111111,19
2047,06,360,1545.4695052592363,1566.9343594989477,158,160.19444444444443,64,64.88888888888889,90,91.25,48,48.666666666666664,21,21.291666666666664,35
2048,06,360,880.8146697747441,893.0482068549488,186,188.58333333333331,93,94.29166666666666,57,57.791666666666664,24,24.333333333333332,8,8.11111111111111,24
2049,06,360,1219.6823290585285,1236.6223614065634,153,155.125,79,80.09722222222221,87,88.20833333333333,41,41.56944444444444,10,10.13888888888889,19
2050,06,360,1439.0360451844654,1459.0226569231384,153,155.125,73,74.01388888888889,81,82.125,53,53.73611111111111,17,17.23611111111111,27
2051,06,360,1462.322495619039,1482.6325302804146,132,133.83333333333331,72,73.0,108,109.5,48,48.666666666666664,10,10.13888888888889,15
2052,06,360,1567.523850196088,1589.2950147821448,157,159.18055555555554,62,62.86111111111111,88,89.22222222222221,53,53.73611111111111,21,21.291666666666664,14
2053,06,360,1574.857281678425,1596.730299479514,173,175.40277777777777,59,59.81944444444444,82,83.13888888888889,46,46.638888888888886,20,20.27777777777778,30
2054,06,360,1488.162391688555,1508.8313137953405,175,177.43055555555554,57,57.791666666666664,75,76.04166666666666,53,53.73611111111111,22,22.305555555555554,25
2055,06,360,1618.310439686588,1640.786973571124,126,127.75,81,82.125,95,96.31944444444444,58,58.80555555555555,19,19.26388888888889,16
2056,06,360,1430.8589274221476,1450.7319680807884,156,158.16666666666666,72,73.0,85,86.18055555555556,47,47.65277777777778,13,13.180555555555555,31
2057,06,360,1404.6969958648976,1424.2066763630212,151,153.09722222222223,69,69.95833333333333,94,95.30555555555556,46,46.638888888888886,13,13.180555555555555,19
2058,06,360,1600.632752731042,1622.8637631856398,161,163.23611111111111,53,53.73611111111111,93,94.29166666666666,53,53.73611111111111,20,20.27777777777778,32
2059,06,360,1264.627623980435,1282.1918965357186,184,186.55555555555554,67,67.93055555555556,66,66.91666666666666,43,43.59722222222222,19,19.26388888888889,13
2060,06,360,1278.4531590453648,1296.2094529209949,183,185.54166666666666,60,60.83333333333333,71,71.98611111111111,46,46.638888888888886,12,12.166666666666666,27
2061,06,360,1373.8014315388778,1392.8820069769176,157,159.18055555555554,83,84.15277777777777,71,71.98611111111111,49,49.68055555555555,13,13.180555555555555,26
2062,06,360,1239.837864050134,1257.0578343841635,171,173.375,68,68.94444444444444,80,81.11111111111111,41,41.56944444444444,11,11.152777777777777,22
2063,06,360,1361.8458056885852,1380.7603307675934,164,166.27777777777777,80,81.11111111111111,73,74.01388888888889,43,43.59722222222222,18,18.25,20
2064,06,360,1136.2002493991974,1151.9808084186307,166,168.30555555555554,72,73.0,89,90.2361111111111,33,33.45833333333333,10,10.13888888888889,18
2065,06,360,1344.9653140627745,1363.6453878692018,164,166.27777777777777,68,68.94444444444444,83,84.15277777777777,45,45.625,13,13.180555555555555,19
2066,06,360,1162.6949605535729,1178.8435016723724,172,174.38888888888889,73,74.01388888888889,75,76.04166666666666,40,40.55555555555556,11,11.152777777777777,39
2067,06,360,1505.485447605834,1526.3949677114706,159,161.20833333333331,74,75.02777777777777,72,73.0,55,55.763888888888886,19,19.26388888888889,28
2068,06,360,1437.85571340478,1457.825931646513,149,151.06944444444443,79,80.09722222222221,83,84.15277777777777,49,49.68055555555555,15,15.208333333333332,26
2069,06,360,1432.4774157629995,1452.3729354263744,165,167.29166666666666,67,67.93055555555556,78,79.08333333333333,50,50.69444444444444,15,15.208333333333332,32
2070,06,360,1774.060490121664,1798.7002191511315,135,136.875,68,68.94444444444444,101,102.40277777777777,56,56.77777777777777,21,21.291666666666664,17
2071,06,360,1200.1993945397398,1216.868830575014,184,186.55555555555554,50,50.69444444444444,78,79.08333333333333,48,48.666666666666664,8,8.11111111111111,32
2072,06,360,1056.4312788510813,1071.1039355017906,186,188.58333333333331,68,68.94444444444444,72,73.0,34,34.47222222222222,14,14.194444444444443,40
2073,06,360,1066.4158096258668,1081.2271403151149,169,171.3472222222222,92,93.27777777777777,67,67.93055555555556,32,32.44444444444444,15,15.208333333333332,13
2074,06,360,989.9368421796337,1003.6859649876841,204,206.83333333333331,61,61.84722222222222,62,62.86111111111111,33,33.45833333333333,9,9.125,21
2075,06,360,1405.577226075016,1425.0991319927243,170,172.36111111111111,70,70.97222222222221,69,69.95833333333333,51,51.70833333333333,16,16.22222222222222,18
2076,06,360,1316.1009059331059,1334.3800851821768,165,167.29166666666666,73,74.01388888888889,74,75.02777777777777,48,48.666666666666664,16,16.22222222222222,38
2077,06,360,1354.8763732693926,1373.6941006759118,186,188.58333333333331,49,49.68055555555555,82,83.13888888888889,43,43.59722222222222,14,14.194444444444443,20
2078,06,360,1223.241385653686,1240.2308493433204,198,200.75,56,56.77777777777777,63,63.875,43,43.59722222222222,18,18.25,23
2079,06,360,1396.3911105612183,1415.785431541235,172,174.38888888888889,70,70.97222222222221,66,66.91666666666666,52,52.72222222222222,16,16.22222222222222,25
2080,06,360,1115.579558374884,1131.0737189078686,203,205.81944444444443,54,54.75,66,66.91666666666666,37,37.513888888888886,16,16.22222222222222,35
2031,07,360,1236.9311762915745,1254.1107759622907,141,142.95833333333331,77,78.06944444444444,101,102.40277777777777,41,41.56944444444444,9,9.125,24
2032,07,360,1332.5148814132776,1351.0220325440175,161,163.23611111111111,76,77.05555555555556,78,79.08333333333333,45,45.625,15,15.208333333333332,17
2033,07,360,1331.4708976699508,1349.9635490264777,158,160.19444444444443,80,81.11111111111111,71,71.98611111111111,51,51.70833333333333,14,14.194444444444443,11
2034,07,360,1502.1266285943243,1522.989498435912,132,133.83333333333331,68,68.94444444444444,113,114.56944444444444,47,47.65277777777778,11,11.152777777777777,10
2035,07,360,1280.654110257134,1298.4409728995943,141,142.95833333333331,77,78.06944444444444,101,102.40277777777777,41,41.56944444444444,6,6.083333333333333,12
2036,07,360,1231.0086915853362,1248.1060345240214,163,165.26388888888889,70,70.97222222222221,81,82.125,46,46.638888888888886,12,12.166666666666666,13
2037,07,360,1259.5106406041991,1277.003843945924,153,155.125,80,81.11111111111111,87,88.20833333333333,40,40.55555555555556,13,13.180555555555555,20
2038,07,360,1141.939442109993,1157.7997121392984,174,176.41666666666666,72,73.0,75,76.04166666666666,39,39.541666666666664,11,11.152777777777777,27
2039,07,360,1316.535121855838,1334.8203318816136,160,162.22222222222223,70,70.97222222222221,84,85.16666666666666,46,46.638888888888886,16,16.22222222222222,20
2040,07,360,1540.2793782619246,1561.6721474044514,146,148.02777777777777,65,65.90277777777777,98,99.3611111111111,51,51.70833333333333,21,21.291666666666664,18
2041,07,360,1384.990680910376,1404.2266625896868,152,154.11111111111111,75,76.04166666666666,91,92.26388888888889,42,42.58333333333333,21,21.291666666666664,13
2042,07,360,1210.366306929351,1227.1769500811474,145,147.01388888888889,85,86.18055555555556,86,87.19444444444444,44,44.61111111111111,9,9.125,15
2043,07,360,1108.688355684792,1124.086805069303,168,170.33333333333331,78,79.08333333333333,79,80.09722222222221,35,35.48611111111111,9,9.125,13
2044,07,360,1297.4536705395924,1315.4738604081979,165,167.29166666666666,81,82.125,66,66.91666666666666,48,48.666666666666664,13,13.180555555555555,14
2045,07,360,1033.2768729989161,1047.6279406794565,183,185.54166666666666,70,70.97222222222221,74,75.02777777777777,33,33.45833333333333,8,8.11111111111111,22
2046,07,360,1247.0972492107871,1264.4180443387147,167,169.31944444444443,76,77.05555555555556,75,76.04166666666666,42,42.58333333333333,12,12.166666666666666,12
2047,07,360,1231.1486139798062,1248.2479002850812,148,150.05555555555554,90,91.25,87,88.20833333333333,35,35.48611111111111,15,15.208333333333332,12
2048,07,360,996.5016986534472,1010.3420000236339,183,185.54166666666666,81,82.125,70,70.97222222222221,26,26.36111111111111,11,11.152777777777777,23
2049,07,360,1343.592378742661,1362.2533840029755,132,133.83333333333331,97,98.34722222222221,83,84.15277777777777,48,48.666666666666664,12,12.166666666666666,19
2050,07,360,1020.0569739484038,1034.2244319199094,166,168.30555555555554,86,87.19444444444444,77,78.06944444444444,31,31.430555555555554,6,6.083333333333333,15
2051,07,360,1234.3925345522844,1251.536875309955,137,138.90277777777777,82,83.13888888888889,105,106.45833333333333,36,36.5,10,10.13888888888889,14
2052,07,360,1428.1403836569161,1447.975666763262,185,187.56944444444443,57,57.791666666666664,73,74.01388888888889,45,45.625,16,16.22222222222222,23
2053,07,360,804.351087867778,815.5226307548304,188,190.61111111111111,67,67.93055555555556,84,85.16666666666666,21,21.291666666666664,2,2.0277777777777777,24
2054,07,360,972.3534218088317,985.8583304450655,200,202.77777777777777,59,59.81944444444444,66,66.91666666666666,35,35.48611111111111,8,8.11111111111111,17
2055,07,360,1393.4182702945975,1412.771301826467,160,162.22222222222223,70,70.97222222222221,80,81.11111111111111,50,50.69444444444444,11,11.152777777777777,19
2056,07,360,1499.5549339461472,1520.3820858065103,151,153.09722222222223,73,74.01388888888889,85,86.18055555555556,51,51.70833333333333,17,17.23611111111111,15
2057,07,360,1113.5673099186206,1129.0335225563792,177,179.45833333333331,80,81.11111111111111,68,68.94444444444444,35,35.48611111111111,11,11.152777777777777,21
2058,07,360,1414.1145260097612,1433.7550055376746,166,168.30555555555554,58,58.80555555555555,85,86.18055555555556,51,51.70833333333333,18,18.25,23
2059,07,360,1207.85598870885,1224.6317663298062,175,177.43055555555554,75,76.04166666666666,68,68.94444444444444,42,42.58333333333333,12,12.166666666666666,22
2060,07,360,1218.5507728231817,1235.4750891123924,172,174.38888888888889,69,69.95833333333333,82,83.13888888888889,37,37.513888888888886,16,16.22222222222222,20
2061,07,360,1498.3102616157616,1519.1201263604248,146,148.02777777777777,68,68.94444444444444,99,100.375,47,47.65277777777778,19,19.26388888888889,14
2062,07,360,979.6297049015191,993.2356730251512,179,181.48611111111111,81,82.125,65,65.90277777777777,35,35.48611111111111,12,12.166666666666666,25
2063,07,360,1348.912143802922,1367.6470346890735,154,156.13888888888889,75,76.04166666666666,86,87.19444444444444,45,45.625,16,16.22222222222222,16
2064,07,360,1348.0406020394482,1366.763388178885,164,166.27777777777777,73,74.01388888888889,81,82.125,42,42.58333333333333,17,17.23611111111111,22
2065,07,360,1950.6243405632035,1977.716345293248,125,126.7361111111111,62,62.86111111111111,102,103.41666666666666,71,71.98611111111111,24,24.333333333333332,16
2066,07,360,1283.7879517268452,1301.6183399452736,176,178.44444444444443,68,68.94444444444444,70,70.97222222222221,46,46.638888888888886,15,15.208333333333332,18
2067,07,360,1460.9504993535704,1481.2414785112587,139,140.93055555555554,87,88.20833333333333,88,89.22222222222221,46,46.638888888888886,17,17.23611111111111,13
2068,07,360,1274.1729089326734,1291.8697548900716,165,167.29166666666666,69,69.95833333333333,85,86.18055555555556,41,41.56944444444444,8,8.11111111111111,17
2069,07,360,1323.0409954342324,1341.4165648152634,137,138.90277777777777,96,97.33333333333333,86,87.19444444444444,41,41.56944444444444,18,18.25,10
2070,07,360,1132.4367716966535,1148.1650601924403,189,191.625,60,60.83333333333333,77,78.06944444444444,34,34.47222222222222,12,12.166666666666666,26
2071,07,360,1517.7069883842464,1538.7862521118054,159,161.20833333333331,61,61.84722222222222,91,92.26388888888889,49,49.68055555555555,18,18.25,22
2072,07,360,942.0720990583573,955.1564337675011,191,193.65277777777777,78,79.08333333333333,58,58.80555555555555,33,33.45833333333333,12,12.166666666666666,27
2073,07,360,1525.0195534648215,1546.2003805962772,133,134.84722222222223,78,79.08333333333333,98,99.3611111111111,51,51.70833333333333,16,16.22222222222222,14
2074,07,360,1506.5635490800914,1527.4880428173149,144,146.0,65,65.90277777777777,99,100.375,52,52.72222222222222,18,18.25,15
2075,07,360,1295.5125791539385,1313.5058094199653,161,163.23611111111111,67,67.93055555555556,83,84.15277777777777,49,49.68055555555555,12,12.166666666666666,19
2076,07,360,1338.7020142461263,1357.2950977773223,167,169.31944444444443,78,79.08333333333333,71,71.98611111111111,44,44.61111111111111,19,19.26388888888889,20
2077,07,360,1382.659241646481,1401.8628422249042,137,138.90277777777777,86,87.19444444444444,94,95.30555555555556,43,43.59722222222222,16,16.22222222222222,13
2078,07,360,991.6808988792128,1005.4542446969796,186,188.58333333333331,67,67.93055555555556,79,80.09722222222221,28,28.388888888888886,11,11.152777777777777,29
2079,07,360,1257.3877039468268,1274.8514220571994,154,156.13888888888889,82,83.13888888888889,85,86.18055555555556,39,39.541666666666664,15,15.208333333333332,11
2080,07,360,1600.8083865633716,1623.0418363767517,142,143.97222222222223,72,73.0,92,93.27777777777777,54,54.75,21,21.291666666666664,19
2031,08,360,1275.0128002037666,1292.7213113177077,180,182.5,66,66.91666666666666,69,69.95833333333333,45,45.625,14,14.194444444444443,16
2032,08,360,1279.411273775359,1297.1808748000167,142,143.97222222222223,84,85.16666666666666,92,93.27777777777777,42,42.58333333333333,15,15.208333333333332,12
2033,08,360,1643.8072970987746,1666.637954002924,151,153.09722222222223,71,71.98611111111111,79,80.09722222222221,59,59.81944444444444,17,17.23611111111111,12
2034,08,360,1178.0780272093077,1194.4402220316592,185,187.56944444444443,55,55.763888888888886,82,83.13888888888889,38,38.52777777777778,13,13.180555555555555,28
2035,08,360,1817.1444873886335,1842.382605269031,149,151.06944444444443,61,61.84722222222222,84,85.16666666666666,66,66.91666666666666,27,27.375,12
2036,08,360,1777.89346623154,1802.5864310403113,141,142.95833333333331,74,75.02777777777777,83,84.15277777777777,62,62.86111111111111,21,21.291666666666664,31
2037,08,360,1824.24005892862,1849.5767264137398,131,132.81944444444443,65,65.90277777777777,99,100.375,65,65.90277777777777,17,17.23611111111111,11
2038,08,360,1742.20997577532,1766.4073365499771,128,129.77777777777777,70,70.97222222222221,101,102.40277777777777,61,61.84722222222222,21,21.291666666666664,12
2039,08,360,1683.6770824393097,1707.0614863620779,152,154.11111111111111,56,56.77777777777777,91,92.26388888888889,61,61.84722222222222,21,21.291666666666664,12
2040,08,360,1456.71988190078,1476.9521024827352,148,150.05555555555554,75,76.04166666666666,90,91.25,47,47.65277777777778,15,15.208333333333332,12
2041,08,360,1316.7286436379718,1335.016541466277,156,158.16666666666666,71,71.98611111111111,90,91.25,43,43.59722222222222,12,12.166666666666666,13
2042,08,360,1372.8754028331707,1391.943116761409,156,158.16666666666666,58,58.80555555555555,101,102.40277777777777,45,45.625,11,11.152777777777777,17
2043,08,360,1527.6278393952755,1548.8448927202098,148,150.05555555555554,72,73.0,89,90.2361111111111,51,51.70833333333333,19,19.26388888888889,22
2044,08,360,1332.4550168423766,1350.9613365207429,159,161.20833333333331,73,74.01388888888889,79,80.09722222222221,49,49.68055555555555,12,12.166666666666666,14
2045,08,360,1291.7137848602458,1309.6542540944158,161,163.23611111111111,65,65.90277777777777,91,92.26388888888889,43,43.59722222222222,14,14.194444444444443,24
2046,08,360,1634.2173386490992,1656.9148016858921,149,151.06944444444443,73,74.01388888888889,85,86.18055555555556,53,53.73611111111111,21,21.291666666666664,9
2047,08,360,1321.60356112116,1339.9591661367317,145,147.01388888888889,69,69.95833333333333,103,104.43055555555556,43,43.59722222222222,13,13.180555555555555,27
2048,08,360,1387.4903178785648,1406.7610167379894,161,163.23611111111111,70,70.97222222222221,80,81.11111111111111,49,49.68055555555555,14,14.194444444444443,20
2049,08,360,870.3665781831266,882.4550028801144,185,187.56944444444443,79,80.09722222222221,67,67.93055555555556,29,29.402777777777775,5,5.069444444444445,28
2050,08,360,1391.2581536368289,1410.5811835484515,157,159.18055555555554,68,68.94444444444444,92,93.27777777777777,43,43.59722222222222,19,19.26388888888889,16
2051,08,360,1671.5178563890236,1694.7333821722043,133,134.84722222222223,77,78.06944444444444,87,88.20833333333333,63,63.875,22,22.305555555555554,19
2052,08,360,1209.0040197122744,1225.7957422082782,170,172.36111111111111,79,80.09722222222221,73,74.01388888888889,38,38.52777777777778,14,14.194444444444443,20
2053,08,360,1771.0501141974958,1795.6480324502386,150,152.08333333333331,59,59.81944444444444,86,87.19444444444444,65,65.90277777777777,18,18.25,28
2054,08,360,1602.0806252031045,1624.331744997592,124,125.72222222222221,87,88.20833333333333,89,90.2361111111111,60,60.83333333333333,18,18.25,14
2055,08,360,1191.0119134066513,1207.5537455372992,184,186.55555555555554,60,60.83333333333333,72,73.0,44,44.61111111111111,15,15.208333333333332,26
2056,08,360,1192.1899920585595,1208.748186392706,188,190.61111111111111,61,61.84722222222222,69,69.95833333333333,42,42.58333333333333,17,17.23611111111111,17
2057,08,360,1336.4553376057224,1355.0172172946907,181,183.51388888888889,55,55.763888888888886,78,79.08333333333333,46,46.638888888888886,14,14.194444444444443,20
2058,08,360,1490.040418338966,1510.7354241492294,149,151.06944444444443,84,85.16666666666666,78,79.08333333333333,49,49.68055555555555,17,17.23611111111111,15
2059,08,360,1279.8371253411497,1297.6126409708877,165,167.29166666666666,73,74.01388888888889,78,79.08333333333333,44,44.61111111111111,14,14.194444444444443,15
2060,08,360,1203.0234968587426,1219.7321565373363,155,157.15277777777777,78,79.08333333333333,93,94.29166666666666,34,34.47222222222222,11,11.152777777777777,21
2061,08,360,1672.4147838345662,1695.6427669433795,152,154.11111111111111,59,59.81944444444444,90,91.25,59,59.81944444444444,18,18.25,15
2062,08,360,1339.0018077883328,1357.5990551187263,158,160.19444444444443,95,96.31944444444444,67,67.93055555555556,40,40.55555555555556,16,16.22222222222222,33
2063,08,360,1620.303231819367,1642.8074433724137,152,154.11111111111111,71,71.98611111111111,80,81.11111111111111,57,57.791666666666664,22,22.305555555555554,19
2064,08,360,1770.1757260686695,1794.7615000418455,133,134.84722222222223,64,64.88888888888889,102,103.41666666666666,61,61.84722222222222,20,20.27777777777778,20
2065,08,360,1539.8985842720233,1561.2860646091347,170,172.36111111111111,60,60.83333333333333,78,79.08333333333333,52,52.72222222222222,22,22.305555555555554,24
2066,08,360,1965.9145804817854,1993.2189496551434,123,124.70833333333333,79,80.09722222222221,88,89.22222222222221,70,70.97222222222221,31,31.430555555555554,11
2067,08,360,1510.5581977202883,1531.5381726886255,161,163.23611111111111,69,69.95833333333333,85,86.18055555555556,45,45.625,18,18.25,17
2068,08,360,1237.7293284752693,1254.9200135929814,182,184.52777777777777,60,60.83333333333333,80,81.11111111111111,38,38.52777777777778,12,12.166666666666666,14
2069,08,360,1614.1320303782854,1636.550530800206,145,147.01388888888889,71,71.98611111111111,88,89.22222222222221,56,56.77777777777777,21,21.291666666666664,19
2070,08,360,1545.796699878287,1567.2660984877075,151,153.09722222222223,53,53.73611111111111,104,105.44444444444444,52,52.72222222222222,19,19.26388888888889,27
2071,08,360,1413.4022590236286,1433.0328459545124,154,156.13888888888889,77,78.06944444444444,81,82.125,48,48.666666666666664,15,15.208333333333332,18
2072,08,360,1603.573826452134,1625.8456851528579,130,131.80555555555554,67,67.93055555555556,106,107.47222222222221,57,57.791666666666664,21,21.291666666666664,13
2073,08,360,1686.377737455306,1709.7996504755185,131,132.81944444444443,68,68.94444444444444,103,104.43055555555556,58,58.80555555555555,19,19.26388888888889,14
2074,08,360,1537.0337646271505,1558.3814558025276,136,137.88888888888889,74,75.02777777777777,96,97.33333333333333,54,54.75,18,18.25,15
2075,08,360,1325.9200015185022,1344.335557095148,172,174.38888888888889,60,60.83333333333333,79,80.09722222222221,49,49.68055555555555,12,12.166666666666666,39
2076,08,360,1416.3964462962333,1436.0686191614586,183,185.54166666666666,49,49.68055555555555,83,84.15277777777777,45,45.625,19,19.26388888888889,42
2077,08,360,1430.7944602082703,1450.6666054889406,161,163.23611111111111,59,59.81944444444444,88,89.22222222222221,52,52.72222222222222,16,16.22222222222222,19
2078,08,360,1167.2860291492484,1183.4983351096546,180,182.5,75,76.04166666666666,66,66.91666666666666,39,39.541666666666664,16,16.22222222222222,23
2079,08,360,1532.6380282017699,1553.92466748235,175,177.43055555555554,56,56.77777777777777,82,83.13888888888889,47,47.65277777777778,15,15.208333333333332,30
2080,08,360,1513.5990162903702,1534.6212248499585,178,180.4722222222222,55,55.763888888888886,68,68.94444444444444,59,59.81944444444444,22,22.305555555555554,16
2031,09,360,1063.6596253876053,1078.432675740211,172,174.38888888888889,72,73.0,84,85.16666666666666,32,32.44444444444444,10,10.13888888888889,20
2032,09,360,1348.1895014921324,1366.9143556795232,154,156.13888888888889,65,65.90277777777777,94,95.30555555555556,47,47.65277777777778,15,15.208333333333332,20
2033,09,360,1026.936366268528,1041.1993713555908,185,187.56944444444443,67,67.93055555555556,75,76.04166666666666,33,33.45833333333333,11,11.152777777777777,25
2034,09,360,1412.8593915371414,1432.4824386418238,137,138.90277777777777,79,80.09722222222221,106,107.47222222222221,38,38.52777777777778,20,20.27777777777778,11
2035,09,360,1048.8232450431087,1063.3902345575964,158,160.19444444444443,71,71.98611111111111,103,104.43055555555556,28,28.388888888888886,7,7.097222222222221,10
2036,09,360,973.4165797722728,986.9362544913321,184,186.55555555555554,76,77.05555555555556,68,68.94444444444444,32,32.44444444444444,9,9.125,22
2037,09,360,1495.0223643486297,1515.7865638534718,153,155.125,65,65.90277777777777,84,85.16666666666666,58,58.80555555555555,20,20.27777777777778,15
2038,09,360,1387.923220554926,1407.199931951522,158,160.19444444444443,67,67.93055555555556,84,85.16666666666666,51,51.70833333333333,13,13.180555555555555,14
2039,09,360,1054.70232167513,1069.350965031729,192,194.66666666666666,63,63.875,72,73.0,33,33.45833333333333,11,11.152777777777777,28
2040,09,360,1155.4721549311598,1171.5203793052037,150,152.08333333333331,85,86.18055555555556,85,86.18055555555556,40,40.55555555555556,11,11.152777777777777,17
2041,09,360,1018.4935140839959,1032.6392573351625,209,211.90277777777777,50,50.69444444444444,66,66.91666666666666,35,35.48611111111111,8,8.11111111111111,31
2042,09,360,1601.9796798667537,1624.2293976426809,126,127.75,68,68.94444444444444,106,107.47222222222221,60,60.83333333333333,15,15.208333333333332,9
2043,09,360,1434.6582024178192,1454.5840107847332,147,149.04166666666666,66,66.91666666666666,99,100.375,48,48.666666666666664,13,13.180555555555555,11
2044,09,360,1413.6538430346013,1433.2879241878595,160,162.22222222222223,60,60.83333333333333,89,90.2361111111111,51,51.70833333333333,13,13.180555555555555,16
2045,09,360,1357.1665009949793,1376.0160357310206,180,182.5,60,60.83333333333333,73,74.01388888888889,47,47.65277777777778,17,17.23611111111111,20
2046,09,360,1330.8621174774562,1349.346313553532,126,127.75,98,99.3611111111111,86,87.19444444444444,50,50.69444444444444,13,13.180555555555555,12
2047,09,360,1060.1457043237415,1074.8699502171266,187,189.5972222222222,78,79.08333333333333,65,65.90277777777777,30,30.416666666666664,10,10.13888888888889,16
2048,09,360,903.1769523053126,915.7210766428864,198,200.75,71,71.98611111111111,64,64.88888888888889,27,27.375,13,13.180555555555555,24
2049,09,360,1578.9581602584974,1600.888134706532,146,148.02777777777777,73,74.01388888888889,95,96.31944444444444,46,46.638888888888886,20,20.27777777777778,23
2050,09,360,1260.597119995325,1278.1054133285934,166,168.30555555555554,65,65.90277777777777,82,83.13888888888889,47,47.65277777777778,11,11.152777777777777,22
2051,09,360,1292.667330912876,1310.6210438422213,156,158.16666666666666,58,58.80555555555555,108,109.5,38,38.52777777777778,12,12.166666666666666,21
2052,09,360,1218.9431755616959,1235.8729418889416,173,175.40277777777777,62,62.86111111111111,86,87.19444444444444,39,39.541666666666664,12,12.166666666666666,17
2053,09,360,992.0845916306888,1005.8635442922262,168,170.33333333333331,97,98.34722222222221,71,71.98611111111111,24,24.333333333333332,9,9.125,13
2054,09,360,1348.2948967965249,1367.0212148075877,165,167.29166666666666,72,73.0,71,71.98611111111111,52,52.72222222222222,14,14.194444444444443,15
2055,09,360,1177.1670704531966,1193.5166130983798,193,195.68055555555554,65,65.90277777777777,54,54.75,48,48.666666666666664,14,14.194444444444443,32
2056,09,360,1274.7508071262923,1292.4556794474909,160,162.22222222222223,78,79.08333333333333,77,78.06944444444444,45,45.625,12,12.166666666666666,20
2057,09,360,1418.8624127484939,1438.5688351477784,160,162.22222222222223,73,74.01388888888889,81,82.125,46,46.638888888888886,14,14.194444444444443,19
2058,09,360,821.9604523126682,833.3765697058997,200,202.77777777777777,68,68.94444444444444,66,66.91666666666666,26,26.36111111111111,3,3.0416666666666665,27
2059,09,360,1411.1452092762033,1430.7444482939284,160,162.22222222222223,58,58.80555555555555,92,93.27777777777777,50,50.69444444444444,19,19.26388888888889,19
2060,09,360,1169.7175688127838,1185.9636461574057,170,172.36111111111111,74,75.02777777777777,79,80.09722222222221,37,37.513888888888886,13,13.180555555555555,21
2061,09,360,1162.6433880774982,1178.791212911908,165,167.29166666666666,76,77.05555555555556,78,79.08333333333333,41,41.56944444444444,10,10.13888888888889,19
2062,09,360,1248.4803391689843,1265.8203438796645,178,180.4722222222222,63,63.875,76,77.05555555555556,43,43.59722222222222,14,14.194444444444443,30
2063,09,360,1132.1998991193625,1147.9248977182424,197,199.73611111111111,54,54.75,73,74.01388888888889,36,36.5,10,10.13888888888889,30
2064,09,360,1378.4151576815461,1397.5598126493453,153,155.125,83,84.15277777777777,75,76.04166666666666,49,49.68055555555555,20,20.27777777777778,11
2065,09,360,1181.2301543059216,1197.6361286712815,176,178.44444444444443,57,57.791666666666664,86,87.19444444444444,41,41.56944444444444,7,7.097222222222221,18
2066,09,360,1342.9392244164394,1361.5911580888899,152,154.11111111111111,73,74.01388888888889,88,89.22222222222221,47,47.65277777777778,10,10.13888888888889,21
2067,09,360,1255.761733300682,1273.2028684854135,158,160.19444444444443,66,66.91666666666666,95,96.31944444444444,41,41.56944444444444,13,13.180555555555555,13
2068,09,360,1197.9043325580524,1214.5418927324697,162,164.25,76,77.05555555555556,81,82.125,41,41.56944444444444,12,12.166666666666666,21
2069,09,360,1150.0484548052386,1166.0213500108669,170,172.36111111111111,73,74.01388888888889,80,81.11111111111111,37,37.513888888888886,8,8.11111111111111,20
2070,09,360,1275.7738201761279,1293.4929010119074,162,164.25,73,74.01388888888889,83,84.15277777777777,42,42.58333333333333,17,17.23611111111111,23
2071,09,360,1471.0171359501874,1491.447929505051,177,179.45833333333331,56,56.77777777777777,78,79.08333333333333,49,49.68055555555555,19,19.26388888888889,21
2072,09,360,1127.8869479394612,1143.5520444386202,191,193.65277777777777,62,62.86111111111111,67,67.93055555555556,40,40.55555555555556,10,10.13888888888889,16
2073,09,360,1298.0659047734996,1316.0945978953537,183,185.54166666666666,61,61.84722222222222,68,68.94444444444444,48,48.666666666666664,13,13.180555555555555,16
2074,09,360,1411.1871554792597,1430.7869770831383,163,165.26388888888889,62,62.86111111111111,83,84.15277777777777,52,52.72222222222222,18,18.25,20
2075,09,360,1264.5373569928647,1282.1003758399877,159,161.20833333333331,80,81.11111111111111,86,87.19444444444444,35,35.48611111111111,13,13.180555555555555,20
2076,09,360,1213.4767073876667,1230.3305505458286,190,192.63888888888889,60,60.83333333333333,63,63.875,47,47.65277777777778,11,11.152777777777777,24
2077,09,360,1057.1926136061866,1071.875844350717,184,186.55555555555554,54,54.75,86,87.19444444444444,36,36.5,8,8.11111111111111,50
2078,09,360,1029.354682389142,1043.6512752001022,179,181.48611111111111,68,68.94444444444444,80,81.11111111111111,33,33.45833333333333,8,8.11111111111111,22
2079,09,360,1137.068310684447,1152.8609261106199,189,191.625,73,74.01388888888889,58,58.80555555555555,40,40.55555555555556,13,13.180555555555555,21
2080,09,360,1234.7254915955625,1251.8744567566118,159,161.20833333333331,77,78.06944444444444,91,92.26388888888889,33,33.45833333333333,12,12.166666666666666,14
2031,10,360,1073.7692402445523,1088.6827019146156,177,179.45833333333331,73,74.01388888888889,75,76.04166666666666,35,35.48611111111111,8,8.11111111111111,18
2032,10,360,1406.5237010379014,1426.0587524412056,153,155.125,69,69.95833333333333,87,88.20833333333333,51,51.70833333333333,13,13.180555555555555,11
2033,10,360,1181.93821929854,1198.3540278999085,142,143.97222222222223,91,92.26388888888889,90,91.25,37,37.513888888888886,10,10.13888888888889,13
2034,10,360,1242.7681440928511,1260.0288127608073,179,181.48611111111111,62,62.86111111111111,77,78.06944444444444,42,42.58333333333333,13,13.180555555555555,16
2035,10,360,1394.8473084058896,1414.2201876893048,192,194.66666666666666,45,45.625,72,73.0,51,51.70833333333333,19,19.26388888888889,33
2036,10,360,1500.4892270548135,1521.3293552083524,169,171.3472222222222,72,73.0,69,69.95833333333333,50,50.69444444444444,21,21.291666666666664,12
2037,10,360,1221.8365241601632,1238.8064758846099,166,168.30555555555554,72,73.0,80,81.11111111111111,42,42.58333333333333,15,15.208333333333332,15
2038,10,360,1291.7458723733548,1309.686787267429,149,151.06944444444443,73,74.01388888888889,103,104.43055555555556,35,35.48611111111111,14,14.194444444444443,17
2039,10,360,1304.7032345813125,1322.824112839386,150,152.08333333333331,82,83.13888888888889,86,87.19444444444444,42,42.58333333333333,12,12.166666666666666,25
2040,10,360,1171.8808749941877,1188.1569982579958,192,194.66666666666666,54,54.75,73,74.01388888888889,41,41.56944444444444,13,13.180555555555555,20
2041,10,360,1377.8736509463845,1397.0107849873064,154,156.13888888888889,86,87.19444444444444,73,74.01388888888889,47,47.65277777777778,15,15.208333333333332,14
2042,10,360,1319.0834528446676,1337.404056356399,153,155.125,68,68.94444444444444,97,98.34722222222221,42,42.58333333333333,13,13.180555555555555,18
2043,10,360,1360.6161499219875,1379.5135964486817,164,166.27777777777777,70,70.97222222222221,80,81.11111111111111,46,46.638888888888886,16,16.22222222222222,23
2044,10,360,1325.8349011613382,1344.249274788579,162,164.25,73,74.01388888888889,80,81.11111111111111,45,45.625,15,15.208333333333332,20
2045,10,360,1384.858157911523,1404.0922989936273,148,150.05555555555554,75,76.04166666666666,88,89.22222222222221,49,49.68055555555555,11,11.152777777777777,19
2046,10,360,1198.2635878420438,1214.9061376731831,176,178.44444444444443,62,62.86111111111111,79,80.09722222222221,43,43.59722222222222,10,10.13888888888889,23
2047,10,360,1649.2572809933522,1672.1636321182598,156,158.16666666666666,61,61.84722222222222,90,91.25,53,53.73611111111111,22,22.305555555555554,15
2048,10,360,1068.1975877123207,1083.0336653194363,150,152.08333333333331,89,90.2361111111111,86,87.19444444444444,35,35.48611111111111,7,7.097222222222221,12
2049,10,360,1488.00142198267,1508.668108399096,142,143.97222222222223,77,78.06944444444444,84,85.16666666666666,57,57.791666666666664,13,13.180555555555555,14
2050,10,360,1364.1035479136908,1383.0494305236032,164,166.27777777777777,58,58.80555555555555,92,93.27777777777777,46,46.638888888888886,17,17.23611111111111,35
2051,10,360,1303.0927070457797,1321.1912168658598,175,177.43055555555554,54,54.75,87,88.20833333333333,44,44.61111111111111,13,13.180555555555555,21
2052,10,360,1555.2942945175673,1576.8956041636445,168,170.33333333333331,67,67.93055555555556,73,74.01388888888889,52,52.72222222222222,22,22.305555555555554,19
2053,10,360,1662.986997394559,1686.084039025039,142,143.97222222222223,72,73.0,94,95.30555555555556,52,52.72222222222222,21,21.291666666666664,12
2054,10,360,1246.3854149504134,1263.6963234913912,170,172.36111111111111,65,65.90277777777777,85,86.18055555555556,40,40.55555555555556,11,11.152777777777777,20
2055,10,360,1221.9022817638663,1238.8731467883645,193,195.68055555555554,60,60.83333333333333,67,67.93055555555556,40,40.55555555555556,17,17.23611111111111,31
2056,10,360,1408.1111042381604,1427.6682029081346,159,161.20833333333331,78,79.08333333333333,74,75.02777777777777,49,49.68055555555555,19,19.26388888888889,11
2057,10,360,1264.1554110877328,1281.713125130618,150,152.08333333333331,86,87.19444444444444,83,84.15277777777777,41,41.56944444444444,12,12.166666666666666,12
2058,10,360,1174.6869866413872,1191.0020836780732,166,168.30555555555554,70,70.97222222222221,88,89.22222222222221,36,36.5,12,12.166666666666666,25
2059,10,360,1264.4975935350672,1282.0600601119431,139,140.93055555555554,86,87.19444444444444,93,94.29166666666666,42,42.58333333333333,14,14.194444444444443,14
2060,10,360,1195.4182074382356,1212.0212380971,199,201.76388888888889,56,56.77777777777777,70,70.97222222222221,35,35.48611111111111,15,15.208333333333332,26
2061,10,360,1523.054639891966,1544.208176557132,131,132.81944444444443,89,90.2361111111111,88,89.22222222222221,52,52.72222222222222,17,17.23611111111111,14
2062,10,360,1411.9878017012877,1431.5987433915834,175,177.43055555555554,48,48.666666666666664,91,92.26388888888889,46,46.638888888888886,15,15.208333333333332,15
2063,10,360,774.996303244015,785.7601407890708,206,208.86111111111111,71,71.98611111111111,58,58.80555555555555,25,25.34722222222222,7,7.097222222222221,37
2064,10,360,1374.010031870386,1393.0935045352524,160,162.22222222222223,71,71.98611111111111,92,93.27777777777777,37,37.513888888888886,13,13.180555555555555,19
2065,10,360,1323.2401787759948,1341.618514592328,186,188.58333333333331,60,60.83333333333333,70,70.97222222222221,44,44.61111111111111,15,15.208333333333332,19
2066,10,360,1262.779939922998,1280.3185501997061,185,187.56944444444443,64,64.88888888888889,70,70.97222222222221,41,41.56944444444444,12,12.166666666666666,19
2067,10,360,1162.4125350495297,1178.5571535918841,197,199.73611111111111,58,58.80555555555555,68,68.94444444444444,37,37.513888888888886,13,13.180555555555555,40
2068,10,360,1659.7495232527926,1682.8015999646368,151,153.09722222222223,68,68.94444444444444,77,78.06944444444444,64,64.88888888888889,24,24.333333333333332,30
2069,10,360,1343.0722795505244,1361.7260612109483,179,181.48611111111111,64,64.88888888888889,73,74.01388888888889,44,44.61111111111111,20,20.27777777777778,18
2070,10,360,1219.2735793243833,1236.2079345927775,193,195.68055555555554,51,51.70833333333333,71,71.98611111111111,45,45.625,14,14.194444444444443,27
2071,10,360,1483.2400887495469,1503.8406455377349,144,146.0,81,82.125,90,91.25,45,45.625,16,16.22222222222222,15
2072,10,360,1373.7842723644912,1392.8646094806647,166,168.30555555555554,56,56.77777777777777,93,94.29166666666666,45,45.625,15,15.208333333333332,42
2073,10,360,1294.1533464108243,1312.127698444308,200,202.77777777777777,56,56.77777777777777,63,63.875,41,41.56944444444444,16,16.22222222222222,34
2074,10,360,958.091429991067,971.3982554076096,164,166.27777777777777,90,91.25,79,80.09722222222221,27,27.375,8,8.11111111111111,19
2075,10,360,1099.8068313565318,1115.0819262364835,189,191.625,55,55.763888888888886,77,78.06944444444444,39,39.541666666666664,9,9.125,24
2076,10,360,1081.5119910915591,1096.5329909678308,196,198.7222222222222,61,61.84722222222222,66,66.91666666666666,37,37.513888888888886,11,11.152777777777777,32
2077,10,360,861.1692562060516,873.1299403200245,214,216.9722222222222,70,70.97222222222221,49,49.68055555555555,27,27.375,14,14.194444444444443,20
2078,10,360,1527.2785041721156,1548.4907056189504,157,159.18055555555554,61,61.84722222222222,95,96.31944444444444,47,47.65277777777778,18,18.25,23
2079,10,360,1527.0440459631216,1548.2529910459425,168,170.33333333333331,81,82.125,54,54.75,57,57.791666666666664,22,22.305555555555554,13
2080,10,360,1521.170392081825,1542.2977586385168,184,186.55555555555554,62,62.86111111111111,58,58.80555555555555,56,56.77777777777777,19,19.26388888888889,15
2031,11,360,1402.5646689011753,1422.0447337470248,165,167.29166666666666,56,56.77777777777777,89,90.2361111111111,50,50.69444444444444,15,15.208333333333332,16
2032,11,360,1876.998960228945,1903.0683902321246,122,123.69444444444444,66,66.91666666666666,106,107.47222222222221,66,66.91666666666666,24,24.333333333333332,13
2033,11,360,1519.926180049465,1541.0362658834854,151,153.09722222222223,81,82.125,82,83.13888888888889,46,46.638888888888886,20,20.27777777777778,19
2034,11,360,1545.0974306890514,1566.5571172263992,131,132.81944444444443,83,84.15277777777777,95,96.31944444444444,51,51.70833333333333,16,16.22222222222222,14
2035,11,360,1387.2677078026686,1406.5353148554834,155,157.15277777777777,79,80.09722222222221,83,84.15277777777777,43,43.59722222222222,14,14.194444444444443,19
2036,11,360,1251.7807918835833,1269.1666362152996,140,141.94444444444443,81,82.125,97,98.34722222222221,42,42.58333333333333,7,7.097222222222221,12
2037,11,360,1282.1451547198994,1299.9527263132313,155,157.15277777777777,89,90.2361111111111,73,74.01388888888889,43,43.59722222222222,10,10.13888888888889,17
2038,11,360,1677.422410529108,1700.7199440086788,139,140.93055555555554,63,63.875,102,103.41666666666666,56,56.77777777777777,19,19.26388888888889,18
2039,11,360,1762.9872889298808,1787.4732234983512,133,134.84722222222223,69,69.95833333333333,93,94.29166666666666,65,65.90277777777777,20,20.27777777777778,13
2040,11,360,1401.9387410737243,1421.410112477526,135,136.875,82,83.13888888888889,96,97.33333333333333,47,47.65277777777778,14,14.194444444444443,23
2041,11,360,1324.8376723654558,1343.2381955927538,187,189.5972222222222,48,48.666666666666664,81,82.125,44,44.61111111111111,15,15.208333333333332,24
2042,11,360,1535.9275837003024,1557.2599112516955,134,135.86111111111111,77,78.06944444444444,95,96.31944444444444,54,54.75,19,19.26388888888889,23
2043,11,360,1453.8897008029026,1474.082613314054,161,163.23611111111111,59,59.81944444444444,95,96.31944444444444,45,45.625,16,16.22222222222222,27
2044,11,360,1766.4408115069773,1790.9747116667963,152,154.11111111111111,64,64.88888888888889,78,79.08333333333333,66,66.91666666666666,23,23.319444444444443,20
2045,11,360,1595.285042138827,1617.4417788351996,128,129.77777777777777,84,85.16666666666666,97,98.34722222222221,51,51.70833333333333,21,21.291666666666664,19
2046,11,360,1413.3345190841837,1432.964165182575,166,168.30555555555554,53,53.73611111111111,95,96.31944444444444,46,46.638888888888886,14,14.194444444444443,17
2047,11,360,1266.9736194375985,1284.5704752631207,120,121.66666666666666,97,98.34722222222221,100,101.38888888888889,43,43.59722222222222,11,11.152777777777777,12
2048,11,360,1276.82679765929,1294.5605031823357,168,170.33333333333331,82,83.13888888888889,64,64.88888888888889,46,46.638888888888886,16,16.22222222222222,24
2049,11,360,1465.140121399127,1485.4892897518928,164,166.27777777777777,56,56.77777777777777,90,91.25,50,50.69444444444444,11,11.152777777777777,21
2050,11,360,1754.3936030172686,1778.7601808369527,142,143.97222222222223,67,67.93055555555556,92,93.27777777777777,59,59.81944444444444,22,22.305555555555554,22
2051,11,360,1589.7852034166335,1611.8655534640866,135,136.875,64,64.88888888888889,109,110.51388888888889,52,52.72222222222222,21,21.291666666666664,17
2052,11,360,1382.4650640163222,1401.6659676832155,159,161.20833333333331,70,70.97222222222221,84,85.16666666666666,47,47.65277777777778,17,17.23611111111111,17
2053,11,360,1477.576437922176,1498.0983328933173,117,118.625,97,98.34722222222221,97,98.34722222222221,49,49.68055555555555,16,16.22222222222222,13
2054,11,360,1081.770003849463,1096.794587236261,164,166.27777777777777,71,71.98611111111111,95,96.31944444444444,30,30.416666666666664,9,9.125,11
2055,11,360,1549.6382372347753,1571.1609905297025,140,141.94444444444443,77,78.06944444444444,90,91.25,53,53.73611111111111,20,20.27777777777778,15
2056,11,360,1272.8491593551812,1290.5276199017808,165,167.29166666666666,66,66.91666666666666,91,92.26388888888889,38,38.52777777777778,12,12.166666666666666,22
2057,11,360,1380.8441069214005,1400.0224972953088,159,161.20833333333331,70,70.97222222222221,89,90.2361111111111,42,42.58333333333333,13,13.180555555555555,21
2058,11,360,1650.1306128111241,1673.0490935446119,163,165.26388888888889,68,68.94444444444444,74,75.02777777777777,55,55.763888888888886,24,24.333333333333332,18
2059,11,360,1097.5322796162286,1112.7757834997874,163,165.26388888888889,88,89.22222222222221,77,78.06944444444444,32,32.44444444444444,9,9.125,15
2060,11,360,1446.9848885193041,1467.08190085985,148,150.05555555555554,79,80.09722222222221,83,84.15277777777777,50,50.69444444444444,17,17.23611111111111,18
2061,11,360,1564.5291894993607,1586.2587615757407,138,139.91666666666666,69,69.95833333333333,99,100.375,54,54.75,13,13.180555555555555,12
2062,11,360,1470.6065524842747,1491.0316434910008,145,147.01388888888889,87,88.20833333333333,80,81.11111111111111,48,48.666666666666664,15,15.208333333333332,12
2063,11,360,1595.8310420260786,1617.9953620542185,138,139.91666666666666,81,82.125,85,86.18055555555556,56,56.77777777777777,17,17.23611111111111,27
2064,11,360,1250.2734873405216,1267.6383968869177,171,173.375,68,68.94444444444444,78,79.08333333333333,43,43.59722222222222,13,13.180555555555555,15
2065,11,360,1379.2709578924864,1398.4274989743265,163,165.26388888888889,64,64.88888888888889,86,87.19444444444444,47,47.65277777777778,16,16.22222222222222,25
2066,11,360,1459.2341318780966,1479.5012725986257,165,167.29166666666666,72,73.0,71,71.98611111111111,52,52.72222222222222,19,19.26388888888889,16
2067,11,360,1495.5903904101822,1516.362479165879,145,147.01388888888889,83,84.15277777777777,79,80.09722222222221,53,53.73611111111111,16,16.22222222222222,15
2068,11,360,1253.7256025764955,1271.1384581678356,165,167.29166666666666,66,66.91666666666666,84,85.16666666666666,45,45.625,13,13.180555555555555,13
2069,11,360,1308.290747871613,1326.461452703163,164,166.27777777777777,69,69.95833333333333,80,81.11111111111111,47,47.65277777777778,13,13.180555555555555,19
2070,11,360,1400.9714375081285,1420.4293741401857,157,159.18055555555554,73,74.01388888888889,85,86.18055555555556,45,45.625,17,17.23611111111111,13
2071,11,360,1160.8643777950745,1176.9874941533394,168,170.33333333333331,74,75.02777777777777,76,77.05555555555556,42,42.58333333333333,8,8.11111111111111,21
2072,11,360,1493.4776566880846,1514.2204019198634,159,161.20833333333331,74,75.02777777777777,80,81.11111111111111,47,47.65277777777778,20,20.27777777777778,13
2073,11,360,1375.6925313964775,1394.7993721103173,165,167.29166666666666,64,64.88888888888889,79,80.09722222222221,52,52.72222222222222,11,11.152777777777777,12
2074,11,360,1721.4353609423697,1745.3441853999025,135,136.875,69,69.95833333333333,95,96.31944444444444,61,61.84722222222222,23,23.319444444444443,14
2075,11,360,1577.679274646865,1599.591486794738,156,158.16666666666666,58,58.80555555555555,83,84.15277777777777,63,63.875,14,14.194444444444443,22
2076,11,360,1492.7857306986605,1513.518865847253,166,168.30555555555554,66,66.91666666666666,87,88.20833333333333,41,41.56944444444444,17,17.23611111111111,21
2077,11,360,1456.0677656844614,1476.2909290967455,148,150.05555555555554,71,71.98611111111111,90,91.25,51,51.70833333333333,15,15.208333333333332,11
2078,11,360,1468.6739202902602,1489.0721691831804,165,167.29166666666666,53,53.73611111111111,89,90.2361111111111,53,53.73611111111111,19,19.26388888888889,18
2079,11,360,1438.8855758370837,1458.8700977237097,171,173.375,71,71.98611111111111,69,69.95833333333333,49,49.68055555555555,18,18.25,21
2080,11,360,1590.4880644616003,1612.5781764680114,159,161.20833333333331,59,59.81944444444444,86,87.19444444444444,56,56.77777777777777,22,22.305555555555554,44
2031,12,360,1294.0584216919917,1312.0314553266026,132,133.83333333333331,83,84.15277777777777,105,106.45833333333333,40,40.55555555555556,10,10.13888888888889,15
2032,12,360,1528.3794933490499,1549.6069863122311,126,127.75,80,81.11111111111111,106,107.47222222222221,48,48.666666666666664,11,11.152777777777777,9
2033,12,360,1237.1654611281708,1254.348314754951,125,126.7361111111111,96,97.33333333333333,100,101.38888888888889,39,39.541666666666664,11,11.152777777777777,10
2034,12,360,1218.3452541351987,1235.2667159981875,153,155.125,78,79.08333333333333,93,94.29166666666666,36,36.5,11,11.152777777777777,15
2035,12,360,1480.8913571503708,1501.4592926663481,109,110.51388888888889,91,92.26388888888889,113,114.56944444444444,47,47.65277777777778,14,14.194444444444443,14
2036,12,360,1489.1644301869158,1509.8472694950674,139,140.93055555555554,78,79.08333333333333,92,93.27777777777777,51,51.70833333333333,16,16.22222222222222,14
2037,12,360,1181.1345554890186,1197.5392020930326,134,135.86111111111111,95,96.31944444444444,89,90.2361111111111,42,42.58333333333333,9,9.125,16
2038,12,360,1127.0321720913958,1142.6853967037762,149,151.06944444444443,83,84.15277777777777,96,97.33333333333333,32,32.44444444444444,10,10.13888888888889,35
2039,12,360,1253.7193327350024,1271.1321012452106,154,156.13888888888889,76,77.05555555555556,90,91.25,40,40.55555555555556,13,13.180555555555555,17
2040,12,360,1350.8569474752776,1369.6188495235454,153,155.125,87,88.20833333333333,73,74.01388888888889,47,47.65277777777778,17,17.23611111111111,14
2041,12,360,1269.535706289098,1287.1681466542243,157,159.18055555555554,78,79.08333333333333,79,80.09722222222221,46,46.638888888888886,15,15.208333333333332,17
2042,12,360,1140.44820407194,1156.287762461828,174,176.41666666666666,66,66.91666666666666,82,83.13888888888889,38,38.52777777777778,10,10.13888888888889,16
2043,12,360,1156.947262927548,1173.0159749126528,156,158.16666666666666,88,89.22222222222221,77,78.06944444444444,39,39.541666666666664,10,10.13888888888889,21
2044,12,360,1287.678435893395,1305.5628586141365,132,133.83333333333331,88,89.22222222222221,103,104.43055555555556,37,37.513888888888886,12,12.166666666666666,25
2045,12,360,1248.7840413149452,1266.128264110986,170,172.36111111111111,76,77.05555555555556,69,69.95833333333333,45,45.625,17,17.23611111111111,23
2046,12,360,1361.9951154263504,1380.9117142517164,124,125.72222222222221,78,79.08333333333333,112,113.55555555555554,46,46.638888888888886,7,7.097222222222221,13
2047,12,360,1612.601796214823,1634.9990433844732,141,142.95833333333331,78,79.08333333333333,87,88.20833333333333,54,54.75,23,23.319444444444443,24
2048,12,360,1454.3372857418394,1474.536414710476,110,111.52777777777777,97,98.34722222222221,108,109.5,45,45.625,16,16.22222222222222,9
2049,12,360,1298.7201131163733,1316.7578924652119,137,138.90277777777777,91,92.26388888888889,90,91.25,42,42.58333333333333,12,12.166666666666666,16
2050,12,360,1378.7988554892436,1397.9488395932608,155,157.15277777777777,69,69.95833333333333,94,95.30555555555556,42,42.58333333333333,17,17.23611111111111,24
2051,12,360,1216.9756951370125,1233.8781353472486,161,163.23611111111111,66,66.91666666666666,96,97.33333333333333,37,37.513888888888886,10,10.13888888888889,22
2052,12,360,1379.142336834705,1398.2970915129647,137,138.90277777777777,78,79.08333333333333,92,93.27777777777777,53,53.73611111111111,14,14.194444444444443,15
2053,12,360,1423.9290508302636,1443.705843202906,154,156.13888888888889,75,76.04166666666666,86,87.19444444444444,45,45.625,17,17.23611111111111,17
2054,12,360,1316.5990675503401,1334.8851657107614,170,172.36111111111111,65,65.90277777777777,79,80.09722222222221,46,46.638888888888886,15,15.208333333333332,17
2055,12,360,1414.2693081282998,1433.9119374078596,137,138.90277777777777,84,85.16666666666666,94,95.30555555555556,45,45.625,14,14.194444444444443,10
2056,12,360,900.6820485441882,913.1915214406353,179,181.48611111111111,85,86.18055555555556,67,67.93055555555556,29,29.402777777777775,10,10.13888888888889,20
2057,12,360,1385.4188141483044,1404.6607421225863,167,169.31944444444443,64,64.88888888888889,77,78.06944444444444,52,52.72222222222222,16,16.22222222222222,24
2058,12,360,1209.0288934784523,1225.8209614434309,150,152.08333333333331,78,79.08333333333333,93,94.29166666666666,39,39.541666666666664,10,10.13888888888889,14
2059,12,360,1444.313339616309,1464.3732471109797,139,140.93055555555554,79,80.09722222222221,95,96.31944444444444,47,47.65277777777778,16,16.22222222222222,24
2060,12,360,1336.4820967620633,1355.0443481059808,146,148.02777777777777,71,71.98611111111111,91,92.26388888888889,52,52.72222222222222,9,9.125,15
2061,12,360,1555.7488269446296,1577.3564495410828,140,141.94444444444443,69,69.95833333333333,105,106.45833333333333,46,46.638888888888886,17,17.23611111111111,12
2062,12,360,1102.357116591242,1117.6676320994536,147,149.04166666666666,92,93.27777777777777,84,85.16666666666666,37,37.513888888888886,8,8.11111111111111,9
2063,12,360,1371.4365603289646,1390.4842903335334,133,134.84722222222223,95,96.31944444444444,88,89.22222222222221,44,44.61111111111111,15,15.208333333333332,10
2064,12,360,1758.6393394414515,1783.0648858225827,144,146.0,62,62.86111111111111,95,96.31944444444444,59,59.81944444444444,19,19.26388888888889,13
2065,12,360,1572.0148106963861,1593.848349733836,139,140.93055555555554,87,88.20833333333333,82,83.13888888888889,52,52.72222222222222,18,18.25,20
2066,12,360,1193.0980634148855,1209.6688698512032,123,124.70833333333333,105,106.45833333333333,94,95.30555555555556,38,38.52777777777778,9,9.125,12
2067,12,360,1736.0380263994862,1760.1496656550346,138,139.91666666666666,79,80.09722222222221,82,83.13888888888889,61,61.84722222222222,24,24.333333333333332,13
2068,12,360,1517.1307083793515,1538.2019682179534,104,105.44444444444444,96,97.33333333333333,115,116.59722222222221,45,45.625,16,16.22222222222222,9
2069,12,360,1316.1565747446432,1334.436527171652,138,139.91666666666666,79,80.09722222222221,94,95.30555555555556,49,49.68055555555555,10,10.13888888888889,12
2070,12,360,1448.548705348044,1468.6674373667668,132,133.83333333333331,89,90.2361111111111,98,99.3611111111111,41,41.56944444444444,15,15.208333333333332,11
2071,12,360,1376.1207867198798,1395.2335754243225,138,139.91666666666666,86,87.19444444444444,96,97.33333333333333,40,40.55555555555556,16,16.22222222222222,15
2072,12,360,1599.5172771459065,1621.732794884044,151,153.09722222222223,63,63.875,87,88.20833333333333,59,59.81944444444444,21,21.291666666666664,20
2073,12,360,1072.9676994503516,1087.8700286093842,164,166.27777777777777,92,93.27777777777777,66,66.91666666666666,38,38.52777777777778,9,9.125,19
2074,12,360,1456.9981632196545,1477.2342488199274,125,126.7361111111111,94,95.30555555555556,93,94.29166666666666,48,48.666666666666664,19,19.26388888888889,17
2075,12,360,1216.3179151722945,1233.2112195496875,133,134.84722222222223,91,92.26388888888889,94,95.30555555555556,42,42.58333333333333,9,9.125,12
2076,12,360,1371.3144372508928,1390.3604711015996,150,152.08333333333331,71,71.98611111111111,86,87.19444444444444,53,53.73611111111111,11,11.152777777777777,24
2077,12,360,1502.3207390701614,1523.1863048905802,126,127.75,76,77.05555555555556,108,109.5,50,50.69444444444444,16,16.22222222222222,20
2078,12,360,1154.4183496865305,1170.451937876621,176,178.44444444444443,64,64.88888888888889,86,87.19444444444444,34,34.47222222222222,14,14.194444444444443,28
2079,12,360,1654.50690253445,1677.4861650696507,122,123.69444444444444,90,91.25,94,95.30555555555556,54,54.75,20,20.27777777777778,21
2080,12,360,1368.283303091538,1387.2872378566983,153,155.125,79,80.09722222222221,87,88.20833333333333,41,41.56944444444444,15,15.208333333333332,19
2031,13,360,1083.3655513643994,1098.4122951333493,166,168.30555555555554,81,82.125,76,77.05555555555556,37,37.513888888888886,8,8.11111111111111,35
2032,13,360,1649.6028401128497,1672.5139906699726,142,143.97222222222223,62,62.86111111111111,102,103.41666666666666,54,54.75,15,15.208333333333332,12
2033,13,360,1290.1245301943438,1308.042926447043,179,181.48611111111111,64,64.88888888888889,71,71.98611111111111,46,46.638888888888886,20,20.27777777777778,20
2034,13,360,1148.2821560411012,1164.2305193194497,204,206.83333333333331,57,57.791666666666664,62,62.86111111111111,37,37.513888888888886,14,14.194444444444443,26
2035,13,360,1429.9518214874456,1449.812263452549,158,160.19444444444443,74,75.02777777777777,79,80.09722222222221,49,49.68055555555555,14,14.194444444444443,16
2036,13,360,1305.4105829795383,1323.5412855209206,153,155.125,75,76.04166666666666,88,89.22222222222221,44,44.61111111111111,14,14.194444444444443,23
2037,13,360,1451.5131438550131,1471.6730486307772,173,175.40277777777777,61,61.84722222222222,73,74.01388888888889,53,53.73611111111111,19,19.26388888888889,23
2038,13,360,1327.7381241682765,1346.1789314483915,136,137.88888888888889,79,80.09722222222221,109,110.51388888888889,36,36.5,14,14.194444444444443,17
2039,13,360,1074.3749796267846,1089.2968543438233,167,169.31944444444443,86,87.19444444444444,80,81.11111111111111,27,27.375,14,14.194444444444443,16
2040,13,360,1073.4125982011099,1088.3211065094586,160,162.22222222222223,86,87.19444444444444,80,81.11111111111111,34,34.47222222222222,8,8.11111111111111,14
2041,13,360,1372.2721924147181,1391.331528420478,143,144.98611111111111,77,78.06944444444444,89,90.2361111111111,51,51.70833333333333,11,11.152777777777777,12
2042,13,360,1262.023355162949,1279.5514573179898,157,159.18055555555554,70,70.97222222222221,95,96.31944444444444,38,38.52777777777778,14,14.194444444444443,13
2043,13,360,1348.5060352788998,1367.2352857688845,154,156.13888888888889,82,83.13888888888889,76,77.05555555555556,48,48.666666666666664,17,17.23611111111111,20
2044,13,360,1502.168978122007,1523.0324361514793,158,160.19444444444443,66,66.91666666666666,85,86.18055555555556,51,51.70833333333333,21,21.291666666666664,15
2045,13,360,1113.3374863829815,1128.8005070271895,188,190.61111111111111,66,66.91666666666666,67,67.93055555555556,39,39.541666666666664,11,11.152777777777777,16
2046,13,360,1250.9788362638633,1268.3535423230835,162,164.25,68,68.94444444444444,91,92.26388888888889,39,39.541666666666664,12,12.166666666666666,15
2047,13,360,1463.250613949724,1483.5735391434703,153,155.125,72,73.0,84,85.16666666666666,51,51.70833333333333,15,15.208333333333332,18
2048,13,360,1016.2276915279162,1030.3419650213596,191,193.65277777777777,70,70.97222222222221,69,69.95833333333333,30,30.416666666666664,11,11.152777777777777,24
2049,13,360,1222.6015376419691,1239.5821145536631,181,183.51388888888889,67,67.93055555555556,70,70.97222222222221,42,42.58333333333333,10,10.13888888888889,17
2050,13,360,1547.3056568663933,1568.7960132117598,143,144.98611111111111,71,71.98611111111111,100,101.38888888888889,46,46.638888888888886,18,18.25,21
2051,13,360,907.6376971302896,920.2437762570991,177,179.45833333333331,79,80.09722222222221,77,78.06944444444444,27,27.375,6,6.083333333333333,20
2052,13,360,1217.3408316902821,1234.248343241536,213,215.95833333333331,48,48.666666666666664,56,56.77777777777777,43,43.59722222222222,17,17.23611111111111,26
2053,13,360,1101.4825174469624,1116.780885744837,170,172.36111111111111,74,75.02777777777777,81,82.125,35,35.48611111111111,13,13.180555555555555,27
2054,13,360,1801.900196178463,1826.9265877920525,153,155.125,67,67.93055555555556,73,74.01388888888889,67,67.93055555555556,26,26.36111111111111,32
2055,13,360,1388.4358765071863,1407.7197081253416,155,157.15277777777777,62,62.86111111111111,96,97.33333333333333,47,47.65277777777778,14,14.194444444444443,19
2056,13,360,1140.4861786913475,1156.3262645065051,178,180.4722222222222,82,83.13888888888889,63,63.875,37,37.513888888888886,15,15.208333333333332,14
2057,13,360,1267.7838148793196,1285.3919234193102,155,157.15277777777777,70,70.97222222222221,93,94.29166666666666,42,42.58333333333333,13,13.180555555555555,17
2058,13,360,1169.5705246853902,1185.814559750465,173,175.40277777777777,61,61.84722222222222,85,86.18055555555556,41,41.56944444444444,7,7.097222222222221,37
2059,13,360,1454.36916973499,1474.5687415368648,177,179.45833333333331,57,57.791666666666664,72,73.0,54,54.75,19,19.26388888888889,25
2060,13,360,990.1342505071603,1003.8861150975375,184,186.55555555555554,70,70.97222222222221,71,71.98611111111111,35,35.48611111111111,6,6.083333333333333,33
2061,13,360,1629.2660151161497,1651.8947097705407,153,155.125,61,61.84722222222222,92,93.27777777777777,54,54.75,16,16.22222222222222,21
2062,13,360,1213.7755887688313,1230.6335830572873,172,174.38888888888889,71,71.98611111111111,77,78.06944444444444,40,40.55555555555556,16,16.22222222222222,17
2063,13,360,1445.2937038996029,1465.367227564875,157,159.18055555555554,75,76.04166666666666,77,78.06944444444444,51,51.70833333333333,17,17.23611111111111,17
2064,13,360,1073.282734933145,1088.1894395849943,180,182.5,70,70.97222222222221,75,76.04166666666666,35,35.48611111111111,11,11.152777777777777,17
2065,13,360,1228.3234232071559,1245.3834707516996,162,164.25,74,75.02777777777777,83,84.15277777777777,41,41.56944444444444,13,13.180555555555555,19
2066,13,360,1796.2272346649702,1821.174835146428,156,158.16666666666666,64,64.88888888888889,83,84.15277777777777,57,57.791666666666664,28,28.388888888888886,20
2067,13,360,1411.8463021284701,1431.4552785469211,173,175.40277777777777,51,51.70833333333333,86,87.19444444444444,50,50.69444444444444,12,12.166666666666666,24
2068,13,360,1221.91597182855,1238.8870269928354,179,181.48611111111111,63,63.875,74,75.02777777777777,44,44.61111111111111,11,11.152777777777777,16
2069,13,360,1146.6933988498572,1162.619696056105,201,203.79166666666666,57,57.791666666666664,62,62.86111111111111,40,40.55555555555556,14,14.194444444444443,25
2070,13,360,990.5006934018395,1004.257647476865,201,203.79166666666666,72,73.0,57,57.791666666666664,30,30.416666666666664,12,12.166666666666666,21
2071,13,360,1481.0324039547702,1501.6022984541419,166,168.30555555555554,61,61.84722222222222,80,81.11111111111111,53,53.73611111111111,15,15.208333333333332,19
2072,13,360,1304.6291745385033,1322.7490241848714,173,175.40277777777777,59,59.81944444444444,79,80.09722222222221,49,49.68055555555555,11,11.152777777777777,22
2073,13,360,1393.0670823519158,1412.41523627347,155,157.15277777777777,81,82.125,76,77.05555555555556,48,48.666666666666664,11,11.152777777777777,23
2074,13,360,1131.624990881944,1147.3420046441934,195,197.70833333333331,56,56.77777777777777,70,70.97222222222221,39,39.541666666666664,13,13.180555555555555,42
2075,13,360,1148.4345692367317,1164.3850493650195,198,200.75,56,56.77777777777777,73,74.01388888888889,33,33.45833333333333,12,12.166666666666666,25
2076,13,360,1080.639027394072,1095.6479027745452,179,181.48611111111111,67,67.93055555555556,78,79.08333333333333,36,36.5,11,11.152777777777777,15
2077,13,360,1338.11498869046,1356.6999190889385,146,148.02777777777777,81,82.125,88,89.22222222222221,45,45.625,16,16.22222222222222,14
2078,13,360,1104.9393701898482,1120.2857503313737,167,169.31944444444443,79,80.09722222222221,78,79.08333333333333,36,36.5,11,11.152777777777777,24
2079,13,360,1623.662252886979,1646.2131175104093,159,161.20833333333331,57,57.791666666666664,91,92.26388888888889,53,53.73611111111111,16,16.22222222222222,18
2080,13,360,932.9527961459801,945.9104738702298,220,223.05555555555554,56,56.77777777777777,54,54.75,30,30.416666666666664,11,11.152777777777777,58
2031,15,360,1283.3405293741137,1301.1647033931986,167,169.31944444444443,69,69.95833333333333,79,80.09722222222221,45,45.625,13,13.180555555555555,15
2032,15,360,1949.4814877901351,1976.557619564998,95,96.31944444444444,82,83.13888888888889,115,116.59722222222221,68,68.94444444444444,20,20.27777777777778,10
2033,15,360,1844.4765761501542,1870.094306374462,160,162.22222222222223,57,57.791666666666664,76,77.05555555555556,67,67.93055555555556,24,24.333333333333332,12
2034,15,360,1196.6847664268832,1213.305388182812,172,174.38888888888889,70,70.97222222222221,73,74.01388888888889,45,45.625,11,11.152777777777777,11
2035,15,360,1609.4655292087416,1631.8192171144185,141,142.95833333333331,66,66.91666666666666,98,99.3611111111111,55,55.763888888888886,16,16.22222222222222,30
2036,15,360,1438.6693395987272,1458.650858204265,140,141.94444444444443,78,79.08333333333333,93,94.29166666666666,49,49.68055555555555,17,17.23611111111111,14
2037,15,360,1478.5522981300314,1499.0877467151706,138,139.91666666666666,81,82.125,93,94.29166666666666,48,48.666666666666664,15,15.208333333333332,22
2038,15,360,1981.2488187371139,2008.766163441796,135,136.875,70,70.97222222222221,91,92.26388888888889,64,64.88888888888889,27,27.375,15
2039,15,360,1336.891442535512,1355.459379237394,145,147.01388888888889,71,71.98611111111111,99,100.375,45,45.625,9,9.125,11
2040,15,360,1258.9364568096378,1276.4216853764383,173,175.40277777777777,66,66.91666666666666,79,80.09722222222221,42,42.58333333333333,13,13.180555555555555,26
2041,15,360,1382.0365717906973,1401.2315241766792,154,156.13888888888889,84,85.16666666666666,75,76.04166666666666,47,47.65277777777778,17,17.23611111111111,14
2042,15,360,1001.5757736506513,1015.4865482846881,162,164.25,84,85.16666666666666,82,83.13888888888889,32,32.44444444444444,11,11.152777777777777,12
2043,15,360,940.0660161238477,953.1224885700123,182,184.52777777777777,76,77.05555555555556,75,76.04166666666666,27,27.375,8,8.11111111111111,18
2044,15,360,1829.6130744728425,1855.0243671738542,122,123.69444444444444,75,76.04166666666666,98,99.3611111111111,65,65.90277777777777,23,23.319444444444443,13
2045,15,360,1171.6980567038058,1187.971640824692,161,163.23611111111111,82,83.13888888888889,81,82.125,36,36.5,9,9.125,11
2046,15,360,1360.970423299164,1379.87279028943,136,137.88888888888889,87,88.20833333333333,90,91.25,47,47.65277777777778,13,13.180555555555555,19
2047,15,360,1383.8307005221131,1403.050571362698,156,158.16666666666666,69,69.95833333333333,90,91.25,45,45.625,16,16.22222222222222,17
2048,15,360,1787.8084200519838,1812.6390925527057,115,116.59722222222221,81,82.125,105,106.45833333333333,59,59.81944444444444,22,22.305555555555554,11
2049,15,360,1407.2738327183722,1426.8193026172385,153,155.125,65,65.90277777777777,93,94.29166666666666,49,49.68055555555555,17,17.23611111111111,22
2050,15,360,1598.9739857543334,1621.1819577786991,151,153.09722222222223,69,69.95833333333333,88,89.22222222222221,52,52.72222222222222,14,14.194444444444443,20
2051,15,360,1166.2773968442766,1182.4756940226694,176,178.44444444444443,74,75.02777777777777,65,65.90277777777777,45,45.625,10,10.13888888888889,11
2052,15,360,1668.7930099195446,1691.9706906128715,159,161.20833333333331,64,64.88888888888889,78,79.08333333333333,59,59.81944444444444,23,23.319444444444443,30
2053,15,360,1400.134496487741,1419.5808089389595,146,148.02777777777777,66,66.91666666666666,97,98.34722222222221,51,51.70833333333333,11,11.152777777777777,19
2054,15,360,1352.6367839341322,1371.4234059332173,156,158.16666666666666,65,65.90277777777777,101,102.40277777777777,38,38.52777777777778,13,13.180555555555555,19
2055,15,360,1275.8357031140063,1293.555643435034,162,164.25,68,68.94444444444444,87,88.20833333333333,43,43.59722222222222,12,12.166666666666666,23
2056,15,360,1650.5253162899794,1673.449279016229,133,134.84722222222223,69,69.95833333333333,99,100.375,59,59.81944444444444,18,18.25,19
2057,15,360,1571.0717146945747,1592.8921551764438,138,139.91666666666666,83,84.15277777777777,83,84.15277777777777,56,56.77777777777777,20,20.27777777777778,18
2058,15,360,1589.2495217427522,1611.322431766957,145,147.01388888888889,69,69.95833333333333,97,98.34722222222221,49,49.68055555555555,21,21.291666666666664,18
2059,15,360,1452.9193881724132,1473.0988241192522,142,143.97222222222223,81,82.125,89,90.2361111111111,48,48.666666666666664,15,15.208333333333332,13
2060,15,360,1318.7471118616286,1337.0630439708177,145,147.01388888888889,86,87.19444444444444,90,91.25,39,39.541666666666664,17,17.23611111111111,14
2061,15,360,1606.9972246163272,1629.316630513776,140,141.94444444444443,67,67.93055555555556,94,95.30555555555556,59,59.81944444444444,16,16.22222222222222,24
2062,15,360,1215.9639174922622,1232.8523052352102,184,186.55555555555554,65,65.90277777777777,70,70.97222222222221,41,41.56944444444444,13,13.180555555555555,19
2063,15,360,1511.7843851137054,1532.7813904625068,168,170.33333333333331,51,51.70833333333333,82,83.13888888888889,59,59.81944444444444,16,16.22222222222222,25
2064,15,360,1538.1966729663545,1559.5605156464428,136,137.88888888888889,74,75.02777777777777,102,103.41666666666666,48,48.666666666666664,15,15.208333333333332,18
2065,15,360,1242.905075148506,1260.1676456366797,164,166.27777777777777,75,76.04166666666666,81,82.125,40,40.55555555555556,10,10.13888888888889,28
2066,15,360,1547.6961689329466,1569.1919490570153,161,163.23611111111111,70,70.97222222222221,67,67.93055555555556,62,62.86111111111111,20,20.27777777777778,18
2067,15,360,1291.2759590570536,1309.2103473772904,161,163.23611111111111,74,75.02777777777777,82,83.13888888888889,43,43.59722222222222,14,14.194444444444443,18
2068,15,360,1988.4257339804756,2016.0427580635376,127,128.76388888888889,73,74.01388888888889,89,90.2361111111111,71,71.98611111111111,24,24.333333333333332,19
2069,15,360,1148.9419965339073,1164.899524263545,191,193.65277777777777,64,64.88888888888889,74,75.02777777777777,31,31.430555555555554,15,15.208333333333332,22
2070,15,360,1608.9919571794035,1631.339067695784,151,153.09722222222223,67,67.93055555555556,88,89.22222222222221,54,54.75,20,20.27777777777778,17
2071,15,360,1697.8363733687615,1721.4174341099942,174,176.41666666666666,61,61.84722222222222,63,63.875,62,62.86111111111111,25,25.34722222222222,26
2072,15,360,1569.5610678890557,1591.3605271652925,155,157.15277777777777,73,74.01388888888889,78,79.08333333333333,54,54.75,19,19.26388888888889,22
2073,15,360,1615.137542222324,1637.5700080865229,153,155.125,90,91.25,79,80.09722222222221,38,38.52777777777778,23,23.319444444444443,13
2074,15,360,1305.6310981854886,1323.7648634380648,166,168.30555555555554,67,67.93055555555556,84,85.16666666666666,43,43.59722222222222,15,15.208333333333332,21
2075,15,360,1297.5128469292174,1315.5338586921232,171,173.375,67,67.93055555555556,75,76.04166666666666,47,47.65277777777778,14,14.194444444444443,21
2076,15,360,1427.3241725241635,1447.148119364777,169,171.3472222222222,64,64.88888888888889,79,80.09722222222221,48,48.666666666666664,19,19.26388888888889,21
2077,15,360,1176.2204005781398,1192.5567950306138,164,166.27777777777777,85,86.18055555555556,70,70.97222222222221,41,41.56944444444444,12,12.166666666666666,16
2078,15,360,1680.3550240249087,1703.6932882474769,145,147.01388888888889,63,63.875,97,98.34722222222221,55,55.763888888888886,22,22.305555555555554,15
2079,15,360,1689.235673839316,1712.6972804204174,163,165.26388888888889,58,58.80555555555555,79,80.09722222222221,60,60.83333333333333,22,22.305555555555554,29
2080,15,360,1222.5800973588068,1239.56037648879,160,162.22222222222223,80,81.11111111111111,82,83.13888888888889,38,38.52777777777778,10,10.13888888888889,16
2031,23,365,1506.9242177814722,1506.9242177814722,162,162.0,74,74.0,78,78.0,51,51.0,12,12.0,19
2032,23,366,1667.6688354819503,1663.1123632538574,167,166.54371584699453,61,60.833333333333336,83,82.77322404371584,55,54.849726775956285,24,23.934426229508198,22
2033,23,365,1855.4262807676812,1855.4262807676812,143,143.0,73,73.0,93,93.0,56,56.0,30,30.0,14
2034,23,365,1400.0275106523216,1400.0275106523216,153,153.0,73,73.0,95,95.0,44,44.0,14,14.0,16
2035,23,365,1986.7457085220199,1986.7457085220199,148,148.0,54,54.0,93,93.0,70,70.0,31,31.0,16
2036,23,366,1341.3957173224953,1337.7307017013957,175,174.52185792349727,74,73.79781420765028,68,67.81420765027322,49,48.86612021857923,14,13.96174863387978,22
2037,23,365,1333.724269937075,1333.724269937075,159,159.0,80,80.0,82,82.0,44,44.0,13,13.0,18
2038,23,365,1486.499038108819,1486.499038108819,158,158.0,77,77.0,75,75.0,55,55.0,20,20.0,37
2039,23,365,1536.2121814623629,1536.2121814623629,159,159.0,59,59.0,94,94.0,53,53.0,13,13.0,16
2040,23,366,1644.067464155969,1639.5754765489855,137,136.62568306010928,73,72.80054644808743,94,93.7431693989071,62,61.830601092896174,12,11.967213114754099,17
2041,23,365,1519.654573745476,1519.654573745476,156,156.0,72,72.0,79,79.0,58,58.0,15,15.0,18
2042,23,365,1328.5042704353318,1328.5042704353318,146,146.0,85,85.0,93,93.0,41,41.0,11,11.0,19
2043,23,365,1415.7537534911537,1415.7537534911537,172,172.0,55,55.0,90,90.0,48,48.0,15,15.0,25
2044,23,366,2045.3335266594509,2039.7451836904359,137,136.62568306010928,73,72.80054644808743,92,91.74863387978142,64,63.82513661202186,30,29.918032786885245,14
2045,23,365,1350.0894783880935,1350.0894783880935,176,176.0,66,66.0,78,78.0,45,45.0,17,17.0,14
2046,23,365,1454.8090228112978,1454.8090228112978,153,153.0,73,73.0,79,79.0,60,60.0,16,16.0,18
2047,23,365,1555.6933849011893,1555.6933849011893,163,163.0,65,65.0,76,76.0,61,61.0,22,22.0,21
2048,23,366,1414.6636475107102,1410.7984462880033,145,144.60382513661202,86,85.76502732240436,84,83.77049180327869,51,50.86065573770492,17,16.953551912568305,12
2049,23,365,1760.2645733721913,1760.2645733721913,138,138.0,72,72.0,92,92.0,63,63.0,16,16.0,12
2050,23,365,1802.419861473949,1802.419861473949,159,159.0,54,54.0,92,92.0,60,60.0,25,25.0,26
2051,23,365,1104.319886893832,1104.319886893832,188,188.0,66,66.0,73,73.0,38,38.0,9,9.0,17
2052,23,366,1557.5487335214023,1553.2931358888302,157,156.57103825136613,68,67.81420765027322,94,93.7431693989071,47,46.87158469945355,21,20.942622950819672,21
2053,23,365,1704.0773589046032,1704.0773589046032,160,160.0,70,70.0,75,75.0,60,60.0,23,23.0,18
2054,23,365,1453.5504307992237,1453.5504307992237,160,160.0,79,79.0,80,80.0,46,46.0,17,17.0,14
2055,23,365,1258.5155747012725,1258.5155747012725,156,156.0,82,82.0,85,85.0,42,42.0,13,13.0,30
2056,23,366,1569.2615426799266,1564.9739428365388,163,162.55464480874318,59,58.83879781420765,89,88.7568306010929,55,54.849726775956285,18,17.950819672131146,30
2057,23,365,1661.7114948508024,1661.7114948508024,155,155.0,77,77.0,77,77.0,56,56.0,24,24.0,20
2058,23,365,1690.3238790690739,1690.3238790690739,170,170.0,56,56.0,80,80.0,59,59.0,22,22.0,15
2059,23,365,1348.1313048289721,1348.1313048289721,179,179.0,69,69.0,76,76.0,41,41.0,21,21.0,23
2060,23,366,1666.4161251137098,1661.8630755915412,179,178.51092896174865,50,49.86338797814208,77,76.7896174863388,60,59.83606557377049,22,21.939890710382514,15
2061,23,365,1709.3991503875427,1709.3991503875427,161,161.0,67,67.0,77,77.0,60,60.0,21,21.0,22
2062,23,365,1968.741814179853,1968.741814179853,162,162.0,66,66.0,76,76.0,61,61.0,30,30.0,21
2063,23,365,1676.3997647338447,1676.3997647338447,147,147.0,65,65.0,93,93.0,60,60.0,19,19.0,12
2064,23,366,1691.8500655061403,1687.2275243435552,170,169.53551912568307,55,54.849726775956285,83,82.77322404371584,58,57.84153005464481,24,23.934426229508198,24
2065,23,365,1577.3383127373204,1577.3383127373204,151,151.0,60,60.0,106,106.0,48,48.0,22,22.0,20
2066,23,365,1247.5649153070385,1247.5649153070385,192,192.0,59,59.0,74,74.0,40,40.0,11,11.0,35
2067,23,365,1648.708518007705,1648.708518007705,163,163.0,63,63.0,86,86.0,53,53.0,20,20.0,17
2068,23,366,1485.225391658611,1481.1673987852269,174,173.52459016393442,59,58.83879781420765,84,83.77049180327869,49,48.86612021857923,17,16.953551912568305,35
2069,23,365,1896.1153188278936,1896.1153188278936,146,146.0,62,62.0,88,88.0,69,69.0,19,19.0,17
2070,23,365,1687.2982291825047,1687.2982291825047,157,157.0,58,58.0,87,87.0,63,63.0,24,24.0,17
2071,23,365,1369.7065403044842,1369.7065403044842,177,177.0,71,71.0,71,71.0,46,46.0,20,20.0,22
2072,23,366,1640.1842891959714,1635.7029113566382,149,148.5928961748634,80,79.78142076502732,81,80.77868852459017,56,55.84699453551912,23,22.937158469945356,20
2073,23,365,1601.9768328922942,1601.9768328922942,180,180.0,65,65.0,57,57.0,63,63.0,21,21.0,57
2074,23,365,1983.185981596686,1983.185981596686,159,159.0,64,64.0,68,68.0,74,74.0,27,27.0,20
2075,23,365,1492.3232391042989,1492.3232391042989,187,187.0,54,54.0,74,74.0,50,50.0,19,19.0,25
2076,23,366,1403.2204123100166,1399.386476757257,173,172.52732240437157,63,62.82786885245902,82,81.77595628415301,48,47.868852459016395,20,19.94535519125683,29
2077,23,365,1669.289177898467,1669.289177898467,154,154.0,76,76.0,74,74.0,61,61.0,26,26.0,30
2078,23,365,1709.1305649098304,1709.1305649098304,139,139.0,71,71.0,95,95.0,60,60.0,19,19.0,29
2079,23,365,1536.949038082256,1536.949038082256,167,167.0,62,62.0,87,87.0,49,49.0,21,21.0,36
2080,23,366,1280.5899892952264,1277.0911095430536,191,190.47814207650273,68,67.81420765027322,65,64.8224043715847,42,41.885245901639344,18,17.950819672131146,18
2031,25,365,1548.9873567706736,1548.9873567706736,98,98.0,110,110.0,102,102.0,55,55.0,13,13.0,8
2032,25,365,1742.378118476518,1742.378118476518,119,119.0,83,83.0,108,108.0,55,55.0,19,19.0,22
2033,25,365,1631.6758185124618,1631.6758185124618,119,119.0,65,65.0,115,115.0,66,66.0,12,12.0,12
2034,25,365,2275.493114554398,2275.493114554398,84,84.0,70,70.0,134,134.0,77,77.0,27,27.0,10
2035,25,365,1482.543201948477,1482.543201948477,119,119.0,92,92.0,107,107.0,47,47.0,13,13.0,17
2036,25,365,1195.6921353033717,1195.6921353033717,160,160.0,70,70.0,96,96.0,39,39.0,9,9.0,25
2037,25,365,1601.8494021234392,1601.8494021234392,114,114.0,86,86.0,114,114.0,51,51.0,15,15.0,15
2038,25,365,1673.4198692622413,1673.4198692622413,133,133.0,68,68.0,97,97.0,67,67.0,15,15.0,19
2039,25,365,1526.2475568846855,1526.2475568846855,121,121.0,86,86.0,108,108.0,50,50.0,14,14.0,9
2040,25,365,1588.0719629017046,1588.0719629017046,140,140.0,64,64.0,106,106.0,55,55.0,19,19.0,15
2041,25,365,1777.1042071865604,1777.1042071865604,113,113.0,68,68.0,129,129.0,55,55.0,17,17.0,12
2042,25,365,1229.6260430927705,1229.6260430927705,152,152.0,74,74.0,100,100.0,39,39.0,10,10.0,11
2043,25,365,1666.53580443316,1666.53580443316,135,135.0,70,70.0,98,98.0,62,62.0,23,23.0,19
2044,25,365,1824.825970250898,1824.825970250898,123,123.0,69,69.0,98,98.0,75,75.0,17,17.0,15
2045,25,365,1757.0140671871927,1757.0140671871927,128,128.0,81,81.0,94,94.0,62,62.0,20,20.0,13
2046,25,365,1720.2815545385758,1720.2815545385758,111,111.0,76,76.0,124,124.0,54,54.0,15,15.0,32
2047,25,365,1569.388548122166,1569.388548122166,135,135.0,89,89.0,90,90.0,51,51.0,18,18.0,11
2048,25,365,1735.8864299446855,1735.8864299446855,136,136.0,76,76.0,95,95.0,58,58.0,22,22.0,14
2049,25,365,1848.150452329272,1848.150452329272,104,104.0,89,89.0,112,112.0,60,60.0,22,22.0,9
2050,25,365,1502.543361832099,1502.543361832099,134,134.0,85,85.0,96,96.0,50,50.0,14,14.0,19
2051,25,365,1590.3236436261436,1590.3236436261436,144,144.0,81,81.0,85,85.0,55,55.0,22,22.0,12
2052,25,365,1993.8536145515086,1993.8536145515086,105,105.0,67,67.0,129,129.0,64,64.0,23,23.0,9
2053,25,365,1996.1426615198193,1996.1426615198193,131,131.0,67,67.0,96,96.0,71,71.0,27,27.0,11
2054,25,365,1562.1252273626367,1562.1252273626367,162,162.0,56,56.0,90,90.0,57,57.0,15,15.0,20
2055,25,365,1875.6177232083342,1875.6177232083342,145,145.0,57,57.0,93,93.0,70,70.0,23,23.0,21
2056,25,365,1341.9738760567263,1341.9738760567263,153,153.0,81,81.0,83,83.0,48,48.0,12,12.0,18
2057,25,365,1886.1147003924625,1886.1147003924625,126,126.0,74,74.0,101,101.0,64,64.0,22,22.0,20
2058,25,365,1919.985255383618,1919.985255383618,120,120.0,72,72.0,104,104.0,69,69.0,24,24.0,15
2059,25,365,1596.6354539285976,1596.6354539285976,149,149.0,71,71.0,92,92.0,53,53.0,19,19.0,21
2060,25,365,1366.6456773834188,1366.6456773834188,136,136.0,94,94.0,94,94.0,41,41.0,11,11.0,13
2061,25,365,1775.3286938827346,1775.3286938827346,128,128.0,77,77.0,100,100.0,60,60.0,17,17.0,22
2062,25,365,1679.8344230901116,1679.8344230901116,139,139.0,66,66.0,99,99.0,61,61.0,17,17.0,18
2063,25,365,1755.8934798799723,1755.8934798799723,132,132.0,68,68.0,112,112.0,53,53.0,17,17.0,13
2064,25,365,1626.6497056544797,1626.6497056544797,117,117.0,76,76.0,116,116.0,56,56.0,17,17.0,17
2065,25,365,1617.8588040407453,1617.8588040407453,125,125.0,76,76.0,114,114.0,50,50.0,13,13.0,19
2066,25,365,1987.9399914956505,1987.9399914956505,122,122.0,71,71.0,102,102.0,70,70.0,22,22.0,15
2067,25,365,1374.7085846174082,1374.7085846174082,167,167.0,73,73.0,83,83.0,42,42.0,15,15.0,22
2068,25,365,1500.3798074800438,1500.3798074800438,145,145.0,62,62.0,109,109.0,49,49.0,19,19.0,25
2069,25,365,1537.0016849554472,1537.0016849554472,165,165.0,59,59.0,89,89.0,52,52.0,14,14.0,14
2070,25,365,1981.1318803318632,1981.1318803318632,112,112.0,62,62.0,115,115.0,76,76.0,19,19.0,16
2071,25,365,1699.7579510547293,1699.7579510547293,135,135.0,74,74.0,93,93.0,63,63.0,20,20.0,13
2072,25,365,1637.9227456429019,1637.9227456429019,143,143.0,78,78.0,91,91.0,53,53.0,22,22.0,17
2073,25,365,1915.8880723363916,1915.8880723363916,133,133.0,69,69.0,107,107.0,56,56.0,27,27.0,17
2074,25,365,1687.79536997471,1687.79536997471,136,136.0,77,77.0,96,96.0,56,56.0,16,16.0,23
2075,25,365,1723.0442555143595,1723.0442555143595,153,153.0,68,68.0,92,92.0,52,52.0,23,23.0,13
2076,25,365,1769.3761682593058,1769.3761682593058,123,123.0,78,78.0,107,107.0,57,57.0,20,20.0,17
2077,25,365,1586.2394427609615,1586.2394427609615,177,177.0,58,58.0,77,77.0,53,53.0,24,24.0,17
2078,25,365,2140.784038855105,2140.784038855105,118,118.0,71,71.0,97,97.0,79,79.0,29,29.0,20
2079,25,365,1863.0968604706725,1863.0968604706725,129,129.0,73,73.0,97,97.0,66,66.0,25,25.0,17
2080,25,365,1768.8462668147442,1768.8462668147442,134,134.0,64,64.0,102,102.0,65,65.0,22,22.0,26
2031,27,365,1531.3551222609226,1531.3551222609226,152,152.0,68,68.0,92,92.0,53,53.0,16,16.0,14
2032,27,366,1347.9312657529367,1344.2483934421364,155,154.57650273224044,69,68.81147540983606,101,100.72404371584699,41,40.887978142076506,13,12.96448087431694,12
2033,27,365,1699.8413389942166,1699.8413389942166,111,111.0,74,74.0,119,119.0,61,61.0,17,17.0,10
2034,27,365,1166.3699750614228,1166.3699750614228,138,138.0,87,87.0,105,105.0,35,35.0,7,7.0,14
2035,27,365,1675.1802925956254,1675.1802925956254,143,143.0,68,68.0,85,85.0,69,69.0,20,20.0,13
2036,27,366,2156.6275885278455,2150.7351634225784,98,97.73224043715847,76,75.79234972677595,109,108.70218579234972,83,82.77322404371584,24,23.934426229508198,10
2037,27,365,1550.9606278347642,1550.9606278347642,121,121.0,83,83.0,116,116.0,45,45.0,17,17.0,10
2038,27,365,1477.6390708916124,1477.6390708916124,125,125.0,89,89.0,103,103.0,48,48.0,12,12.0,12
2039,27,365,1636.1410212991216,1636.1410212991216,124,124.0,78,78.0,101,101.0,62,62.0,13,13.0,13
2040,27,366,1708.2416584707953,1703.5743315350828,102,101.72131147540983,80,79.78142076502732,130,129.6448087431694,54,53.85245901639344,17,16.953551912568305,17
2041,27,365,1568.1424485856073,1568.1424485856073,118,118.0,89,89.0,102,102.0,56,56.0,13,13.0,28
2042,27,365,1277.2374141636037,1277.2374141636037,144,144.0,83,83.0,93,93.0,45,45.0,12,12.0,13
2043,27,365,1400.258275382058,1400.258275382058,123,123.0,114,114.0,83,83.0,45,45.0,10,10.0,8
2044,27,366,1837.0837986691452,1832.0644440279725,118,117.6775956284153,68,67.81420765027322,114,113.68852459016394,66,65.81967213114754,20,19.94535519125683,14
2045,27,365,1326.6115029380646,1326.6115029380646,143,143.0,75,75.0,104,104.0,43,43.0,10,10.0,15
2046,27,365,1693.7111762836282,1693.7111762836282,132,132.0,69,69.0,109,109.0,55,55.0,23,23.0,13
2047,27,365,1687.8801635326952,1687.8801635326952,142,142.0,53,53.0,107,107.0,63,63.0,13,13.0,21
2048,27,366,1800.635496440029,1795.7157273240728,131,130.64207650273224,66,65.81967213114754,102,101.72131147540983,67,66.81693989071039,19,18.94808743169399,17
2049,27,365,1705.7068070259156,1705.7068070259156,142,142.0,70,70.0,99,99.0,54,54.0,22,22.0,20
2050,27,365,1791.8344553851516,1791.8344553851516,146,146.0,67,67.0,87,87.0,65,65.0,21,21.0,14
2051,27,365,1738.0335177556371,1738.0335177556371,144,144.0,64,64.0,95,95.0,62,62.0,15,15.0,17
2052,27,366,1589.5340788613814,1585.191089574875,139,138.62021857923497,59,58.83879781420765,113,112.69125683060109,55,54.849726775956285,15,14.959016393442623,15
2053,27,365,1456.9252941525463,1456.9252941525463,157,157.0,62,62.0,97,97.0,49,49.0,14,14.0,17
2054,27,365,1412.2352955802576,1412.2352955802576,172,172.0,63,63.0,78,78.0,52,52.0,13,13.0,43
2055,27,365,1740.6856827869478,1740.6856827869478,142,142.0,59,59.0,99,99.0,65,65.0,16,16.0,15
2056,27,366,1784.2331714807133,1779.358217460274,130,129.6448087431694,69,68.81147540983606,103,102.71857923497268,64,63.82513661202186,22,21.939890710382514,9
2057,27,365,1681.1020423730947,1681.1020423730947,136,136.0,62,62.0,107,107.0,60,60.0,17,17.0,33
2058,27,365,1954.7713378906647,1954.7713378906647,142,142.0,62,62.0,90,90.0,71,71.0,27,27.0,24
2059,27,365,1633.9259454133346,1633.9259454133346,144,144.0,76,76.0,91,91.0,54,54.0,21,21.0,14
2060,27,366,1266.802823959808,1263.3416140582783,154,153.5792349726776,77,76.7896174863388,96,95.73770491803279,39,38.89344262295082,13,12.96448087431694,17
2061,27,365,1271.0057405212438,1271.0057405212438,170,170.0,68,68.0,83,83.0,44,44.0,13,13.0,21
2062,27,365,1504.8452435548875,1504.8452435548875,150,150.0,69,69.0,90,90.0,56,56.0,15,15.0,12
2063,27,365,1517.6459167290504,1517.6459167290504,129,129.0,79,79.0,100,100.0,57,57.0,14,14.0,12
2064,27,366,1787.6819924704516,1782.7976154418438,126,125.65573770491804,69,68.81147540983606,107,106.70765027322405,64,63.82513661202186,16,15.956284153005464,11
2065,27,365,1543.8380914466686,1543.8380914466686,149,149.0,65,65.0,92,92.0,59,59.0,15,15.0,18
2066,27,365,1552.6079751448435,1552.6079751448435,144,144.0,72,72.0,91,91.0,58,58.0,18,18.0,25
2067,27,365,1596.902371523665,1596.902371523665,130,130.0,83,83.0,104,104.0,48,48.0,17,17.0,18
2068,27,366,1910.5091074520692,1905.2891372131292,97,96.73497267759562,77,76.7896174863388,125,124.6584699453552,67,66.81693989071039,18,17.950819672131146,7
2069,27,365,1383.7977342056522,1383.7977342056522,168,168.0,59,59.0,96,96.0,42,42.0,15,15.0,28
2070,27,365,2002.8218263059007,2002.8218263059007,130,130.0,66,66.0,105,105.0,64,64.0,26,26.0,22
2071,27,365,1659.2126488142412,1659.2126488142412,139,139.0,68,68.0,101,101.0,57,57.0,18,18.0,12
2072,27,366,1227.5641530406097,1224.210152622466,182,181.50273224043715,74,73.79781420765028,63,62.82786885245902,47,46.87158469945355,18,17.950819672131146,24
2073,27,365,1482.5777144063554,1482.5777144063554,150,150.0,68,68.0,86,86.0,61,61.0,14,14.0,18
2074,27,365,1655.239730581491,1655.239730581491,132,132.0,82,82.0,96,96.0,55,55.0,18,18.0,13
2075,27,365,1669.98244871581,1669.98244871581,134,134.0,77,77.0,95,95.0,59,59.0,22,22.0,21
2076,27,366,1605.7088691154304,1601.3216864129292,136,135.62841530054644,64,63.82513661202186,109,108.70218579234972,57,56.84426229508197,14,13.96174863387978,14
2077,27,365,1739.396859163443,1739.396859163443,139,139.0,66,66.0,98,98.0,62,62.0,22,22.0,21
2078,27,365,1659.8640446610427,1659.8640446610427,153,153.0,68,68.0,82,82.0,62,62.0,20,20.0,12
2079,27,365,1878.3912265182053,1878.3912265182053,128,128.0,58,58.0,115,115.0,64,64.0,18,18.0,17
2080,27,366,1458.9224285580642,1454.9363017040805,140,139.61748633879782,88,87.75956284153006,87,86.76229508196721,51,50.86065573770492,16,15.956284153005464,10
2031,29,365,1386.762920887686,1386.762920887686,151,151.0,67,67.0,105,105.0,42,42.0,18,18.0,12
2032,29,366,1710.740607309194,1706.0664526444148,137,136.62568306010928,66,65.81967213114754,99,98.72950819672131,64,63.82513661202186,19,18.94808743169399,10
2033,29,365,1264.9190336702213,1264.9190336702213,174,174.0,63,63.0,84,84.0,44,44.0,12,12.0,12
2034,29,365,1778.3923838757555,1778.3923838757555,98,98.0,82,82.0,118,118.0,67,67.0,14,14.0,10
2035,29,365,1384.2190761236925,1384.2190761236925,161,161.0,65,65.0,96,96.0,43,43.0,16,16.0,18
2036,29,366,1173.385011305504,1170.1790413292592,167,166.54371584699453,83,82.77322404371584,76,75.79234972677595,40,39.89071038251366,13,12.96448087431694,20
2037,29,365,1905.1229091774037,1905.1229091774037,110,110.0,81,81.0,111,111.0,63,63.0,27,27.0,12
2038,29,365,1532.8314938352175,1532.8314938352175,155,155.0,72,72.0,83,83.0,55,55.0,19,19.0,14
2039,29,365,1742.6775680926517,1742.6775680926517,142,142.0,69,69.0,94,94.0,60,60.0,22,22.0,15
2040,29,366,1487.8576875642812,1483.792502625581,156,155.5737704918033,65,64.8224043715847,105,104.71311475409836,40,39.89071038251366,21,20.942622950819672,13
2041,29,365,1478.4340353021114,1478.4340353021114,141,141.0,80,80.0,96,96.0,48,48.0,11,11.0,16
2042,29,365,1922.4421043536038,1922.4421043536038,119,119.0,96,96.0,76,76.0,74,74.0,25,25.0,8
2043,29,365,2185.067069742551,2185.067069742551,107,107.0,73,73.0,115,115.0,70,70.0,31,31.0,9
2044,29,366,1941.953378143612,1936.6474945967716,118,117.6775956284153,79,78.78415300546447,93,92.74590163934427,76,75.79234972677595,21,20.942622950819672,18
2045,29,365,1580.6886913943063,1580.6886913943063,122,122.0,83,83.0,108,108.0,52,52.0,13,13.0,19
2046,29,365,1602.6384322239514,1602.6384322239514,151,151.0,81,81.0,81,81.0,52,52.0,20,20.0,12
2047,29,365,1590.1416719429499,1590.1416719429499,155,155.0,70,70.0,84,84.0,56,56.0,23,23.0,11
2048,29,366,1492.077722643728,1488.0010075545376,134,133.63387978142077,88,87.75956284153006,92,91.74863387978142,52,51.85792349726776,15,14.959016393442623,12
2049,29,365,1600.6769255988643,1600.6769255988643,148,148.0,74,74.0,89,89.0,54,54.0,13,13.0,32
2050,29,365,2043.9504291264527,2043.9504291264527,108,108.0,79,79.0,101,101.0,77,77.0,28,28.0,10
2051,29,365,1904.8728235208891,1904.8728235208891,119,119.0,82,82.0,93,93.0,71,71.0,25,25.0,11
2052,29,366,1351.2531136532455,1347.5611652552857,151,150.58743169398906,71,70.80601092896175,99,98.72950819672131,45,44.877049180327866,9,8.975409836065573,20
2053,29,365,1748.9959103426168,1748.9959103426168,143,143.0,68,68.0,88,88.0,66,66.0,20,20.0,18
2054,29,365,1561.8572215041095,1561.8572215041095,139,139.0,72,72.0,107,107.0,47,47.0,18,18.0,12
2055,29,365,1974.4321002466872,1974.4321002466872,133,133.0,71,71.0,87,87.0,74,74.0,27,27.0,15
2056,29,366,1638.8115212790042,1634.3338941716845,134,133.63387978142077,83,82.77322404371584,94,93.7431693989071,55,54.849726775956285,19,18.94808743169399,14
2057,29,365,1732.9952418764708,1732.9952418764708,137,137.0,64,64.0,106,106.0,58,58.0,19,19.0,11
2058,29,365,1500.6174813112011,1500.6174813112011,167,167.0,60,60.0,81,81.0,57,57.0,17,17.0,26
2059,29,365,1524.6888449662752,1524.6888449662752,143,143.0,79,79.0,92,92.0,51,51.0,21,21.0,22
2060,29,366,1231.6878488519937,1228.3225815054036,171,170.5327868852459,73,72.80054644808743,79,78.78415300546447,43,42.88251366120218,15,14.959016393442623,18
2061,29,365,1534.9248417961035,1534.9248417961035,146,146.0,74,74.0,98,98.0,47,47.0,18,18.0,21
2062,29,365,1841.1797286231588,1841.1797286231588,130,130.0,71,71.0,91,91.0,73,73.0,20,20.0,14
2063,29,365,1755.5372357601234,1755.5372357601234,148,148.0,70,70.0,87,87.0,60,60.0,25,25.0,25
2064,29,366,1839.2317370405058,1834.2065137152586,143,142.60928961748633,57,56.84426229508197,102,101.72131147540983,64,63.82513661202186,21,20.942622950819672,11
2065,29,365,1373.817096726932,1373.817096726932,146,146.0,84,84.0,90,90.0,45,45.0,12,12.0,10
2066,29,365,1456.143155385273,1456.143155385273,147,147.0,78,78.0,94,94.0,46,46.0,14,14.0,13
2067,29,365,1428.7061578827083,1428.7061578827083,176,176.0,66,66.0,81,81.0,42,42.0,17,17.0,14
2068,29,366,2049.794290388535,2044.1937595404788,146,145.60109289617486,64,63.82513661202186,86,85.76502732240436,70,69.80874316939891,31,30.915300546448087,16
2069,29,365,1931.253877355481,1931.253877355481,134,134.0,72,72.0,92,92.0,67,67.0,25,25.0,8
2070,29,365,1948.135564141177,1948.135564141177,147,147.0,56,56.0,98,98.0,64,64.0,24,24.0,19
2071,29,365,1783.2320032979424,1783.2320032979424,145,145.0,61,61.0,93,93.0,66,66.0,20,20.0,18
2072,29,366,1860.0369811977603,1854.9549129431216,141,140.61475409836066,71,70.80601092896175,89,88.7568306010929,65,64.8224043715847,21,20.942622950819672,12
2073,29,365,1584.0698677408798,1584.0698677408798,153,153.0,75,75.0,79,79.0,58,58.0,19,19.0,15
2074,29,365,1930.8616268159071,1930.8616268159071,107,107.0,79,79.0,112,112.0,67,67.0,23,23.0,13
2075,29,365,2263.653390148611,2263.653390148611,120,120.0,66,66.0,90,90.0,89,89.0,33,33.0,18
2076,29,366,1717.160205524408,1712.4685109737948,161,160.5601092896175,72,71.80327868852459,68,67.81420765027322,65,64.8224043715847,21,20.942622950819672,17
2077,29,365,1924.5115060374555,1924.5115060374555,131,131.0,72,72.0,103,103.0,59,59.0,25,25.0,13
2078,29,365,1694.8256591656698,1694.8256591656698,134,134.0,81,81.0,86,86.0,64,64.0,20,20.0,11
2079,29,365,1584.0199747376294,1584.0199747376294,150,150.0,76,76.0,85,85.0,54,54.0,17,17.0,10
2080,29,366,1737.109072287119,1732.3628726360614,148,147.59562841530055,71,70.80601092896175,85,84.76775956284153,62,61.830601092896174,23,22.937158469945356,8
